rFFA	lFFA	rpSTS	lpSTS	rOPA	lOPA	rPPA	lPPA	rRSC	lRSC	rLOC	lLOC	rEVC	lEVC
-0.647461057	-0.093854685	-0.387018138	-0.292334803	-1.008309213	-0.488454771	-0.835398008	-0.773378524	-0.727617718	-0.635033641	-0.549473736	-0.114562741	-1.7949569	-1.69656941
-0.5788582005	-0.0799047415	-0.33952574	-0.132116204	-0.854025216	-0.5810947545	-0.6466418415	-0.583796884	-0.541300719	-0.5224114515	-0.6302254465	-0.2323327085	-1.4778278845	-1.3365997035
-0.510255344	-0.065954798	-0.292033342	0.028102395	-0.699741219	-0.673734738	-0.457885675	-0.394215244	-0.35498372	-0.409789262	-0.710977157	-0.350102676	-1.160698869	-0.976629997
-0.3936134355	-0.020458361	-0.1402565385	0.165471298	-0.296863612	-0.4390594215	-0.2783332035	-0.2188020875	-0.170388022	-0.274004206	-0.604317598	-0.367069172	-1.0268019515	-0.8673910285
-0.276971527	0.025038076	0.011520265	0.302840201	0.106013995	-0.204384105	-0.098780732	-0.043388931	0.014207676	-0.13821915	-0.497658039	-0.384035668	-0.892905034	-0.75815206
-0.2255531055	-0.11875887	-0.169665082	0.0526722725	0.1759044805	-0.2466388045	-0.0466024635	-0.059577507	0.025762724	-0.12253544	-0.4975312225	-0.437672627	-0.8194721345	-0.7142649755
-0.174134684	-0.262555816	-0.350850429	-0.197495656	0.245794966	-0.288893504	0.005575805	-0.075766083	0.037317772	-0.10685173	-0.497404406	-0.491309586	-0.746039235	-0.670377891
-0.2940039695	-0.344591427	-0.3742849995	-0.10138388	-0.0464935125	-0.3563970725	-0.0938582115	-0.126874866	0.072300432	0.0088698025	-0.6297698775	-0.581918824	-0.8564051115	-0.867227366
-0.413873255	-0.426627038	-0.39771957	-0.005272104	-0.338781991	-0.423900641	-0.193292228	-0.177983649	0.107283092	0.124591335	-0.762135349	-0.672528062	-0.966770988	-1.064076841
-0.4702144605	-0.395600293	-0.453464266	0.0950604315	-0.2209465195	-0.1981075065	-0.0638763055	-0.133351426	0.130297329	0.120477174	-0.752731866	-0.6073150545	-0.9395682375	-0.9211446525
-0.526555666	-0.364573548	-0.509208962	0.195392967	-0.103111048	0.027685628	0.065539617	-0.088719203	0.153311566	0.116363013	-0.743328383	-0.542102047	-0.912365487	-0.778212464
-0.4054190695	-0.3899288425	-0.461099249	0.019163353	-0.0199806565	0.1200964815	0.0748888225	0.000256303999999999	0.1815839075	0.1714792855	-0.7945052585	-0.610947224	-1.01971003	-0.863592214
-0.284282473	-0.415284137	-0.412989536	-0.157066261	0.063149735	0.212507335	0.084238028	0.089231811	0.209856249	0.226595558	-0.845682134	-0.679792401	-1.127054573	-0.948971964
-0.351622426	-0.3582715515	-0.3999945055	-0.120100175	0.1702253955	0.3215886005	0.147330106	0.0996126845	0.206712792	0.245463467	-0.9195167265	-0.593415946	-0.87055252	-0.580880446
-0.418962379	-0.301258966	-0.386999475	-0.083134089	0.277301056	0.430669866	0.210422184	0.109993558	0.203569335	0.264331376	-0.993351319	-0.507039491	-0.614050467	-0.212788928
-0.2542392245	-0.137716581	-0.271099407	0.022225852	0.373293145	0.4833078045	0.3475580925	0.232439978	0.164114769	0.279741927	-0.7474630295	-0.3382550615	-0.2339202395	0.187497899
-0.08951607	0.025825804	-0.155199339	0.127585793	0.469285234	0.535945743	0.484694001	0.354886398	0.124660203	0.295152478	-0.50157474	-0.169470632	0.146209988	0.587784726
0.0376354995	0.095465099	-0.1372893125	0.149736319	0.396721796	0.5456696455	0.4094058405	0.343233572	0.060971848	0.124027507	-0.308479481	-0.0779666805	0.2869386515	0.675615314
0.164787069	0.165104394	-0.119379286	0.171886845	0.324158358	0.555393548	0.33411768	0.331580746	-0.002716507	-0.047097464	-0.115384222	0.013537271	0.427667315	0.763445902
0.1007667725	0.247059304	-0.0411266785	0.2438280495	0.210736189	0.4119947255	0.203677528	0.2190530375	-0.0768640345	-0.1212495915	0.026601255	0.023861317	0.4916567445	0.8184281495
0.036746476	0.329014214	0.037125929	0.315769254	0.09731402	0.268595903	0.073237376	0.106525329	-0.151011562	-0.195401719	0.168586732	0.034185363	0.555646174	0.873410397
0.0011205505	0.1487006065	0.056527858	0.1349649255	-0.0623824115	0.1430115475	-0.017048692	-0.0262799225	-0.141757453	-0.137283214	0.002099987	-0.092182135	0.5443847545	0.71975039
-0.034505375	-0.031613001	0.075929787	-0.045839403	-0.222078843	0.017427192	-0.10733476	-0.159085174	-0.132503344	-0.079164709	-0.164386758	-0.218549633	0.533123335	0.566090383
-0.1521335325	-0.058455528	-0.2238915225	-0.0450949315	-0.128805568	0.072954253	-0.0858669335	-0.133078154	-0.1135987475	-0.0887635775	-0.387472455	-0.2964701545	0.5563049135	0.542851153
-0.26976169	-0.085298055	-0.523712832	-0.04435046	-0.035532293	0.128481314	-0.064399107	-0.107071134	-0.094694151	-0.098362446	-0.610558152	-0.374390676	0.579486492	0.519611923
-0.1996917545	0.0144657225	-0.5216551885	0.0131526615	-0.0588409345	0.0716862285	-0.039248953	-0.0748983315	-0.0913888585	-0.1265643495	-0.702529136	-0.4188382835	0.589588256	0.605605215
-0.129621819	0.1142295	-0.519597545	0.070655783	-0.082149576	0.014891143	-0.014098799	-0.042725529	-0.088083566	-0.154766253	-0.79450012	-0.463285891	0.59969002	0.691598507
-0.074773144	0.11652535	-0.4884390815	-0.0314433625	-0.236653919	-0.1738721275	-0.042362473	-0.05930998	-0.1144619365	-0.2145156865	-0.453862757	-0.2876594405	0.696837987	0.8944093835
-0.019924469	0.1188212	-0.457280618	-0.133542508	-0.391158262	-0.362635398	-0.070626147	-0.075894431	-0.140840307	-0.27426512	-0.113225394	-0.11203299	0.793985954	1.09722026
0.000625865999999999	0.071770978	-0.3791991835	-0.2803895075	-0.3835461485	-0.320638908	-0.2641545675	-0.163539627	-0.2150164345	-0.1974202705	0.0819324185	0.022857013	0.948466129	1.2529803795
0.021176201	0.024720756	-0.301117749	-0.427236507	-0.375934035	-0.278642418	-0.457682988	-0.251184823	-0.289192562	-0.120575421	0.277090231	0.157747016	1.102946304	1.408740499
0.1252293475	0.0318075995	-0.187862161	-0.49974459	-0.4327191995	-0.344091107	-0.459617906	-0.3265325385	-0.3118937485	-0.114458547	0.508438033	0.3312516995	1.2946766735	1.450554809
0.229282494	0.038894443	-0.074606573	-0.572252673	-0.489504364	-0.409539796	-0.461552824	-0.401880254	-0.334594935	-0.108341673	0.739785835	0.504756383	1.486407043	1.492369119
0.2654241215	0.059686915	0.0812658005	-0.4539949165	-0.1425871625	-0.129806644	-0.2104177735	-0.109633313	-0.0607777845	0.0235034905	0.9170211775	0.5755865725	1.5545162945	1.2590082605
0.301565749	0.080479387	0.237138174	-0.33573716	0.204330039	0.149926508	0.040717277	0.182613628	0.213039366	0.155348654	1.09425652	0.646416762	1.622625546	1.025647402
0.346040366	0.1464204675	0.331912778	-0.1430762445	0.27792671	0.226488219	0.196463204	0.339925369	0.219473822	0.217308856	1.146386107	0.8412783555	1.2913128835	0.2759527945
0.390514983	0.212361548	0.426687382	0.049584671	0.351523381	0.30304993	0.352209131	0.49723711	0.225908278	0.279269058	1.198515694	1.036139949	0.960000221	-0.473741813
0.460500092	0.193875298	0.677211401	0.1447392865	0.495963668	0.3183844725	0.447773344	0.5151161885	0.2764187485	0.2278120345	1.1907051355	0.970914159	0.7554240795	-0.6278675045
0.530485201	0.175389048	0.92773542	0.239893902	0.640403955	0.333719015	0.543337557	0.532995267	0.326929219	0.176355011	1.182894577	0.905688369	0.550847938	-0.781993196
0.496644048	0.119438917	0.751188093	0.198304934	0.7141264675	0.355461162	0.6279838835	0.6098129175	0.3699860815	0.2618490205	1.112872234	0.899858761	0.6616338725	-0.3760852875
0.462802895	0.063488786	0.574640766	0.156715966	0.78784898	0.377203309	0.71263021	0.686630568	0.413042944	0.34734303	1.042849891	0.894029153	0.772419807	0.029822621
0.4285639705	0.0819931845	0.568166427	0.1733870465	0.8048055575	0.4901364405	0.5748551895	0.5879617745	0.321098009	0.2801640325	1.106874992	0.9504855425	0.7395092515	0.0733103515
0.394325046	0.100497583	0.561692088	0.190058127	0.821762135	0.603069572	0.437080169	0.489292981	0.229153074	0.212985035	1.170900093	1.006941932	0.706598696	0.116798082
0.3817258415	0.20854181	0.7104530615	0.2695146955	0.848133538	0.6641236715	0.4107739895	0.508368892	0.2505974025	0.1809100125	1.169265783	0.9378561025	0.6164988065	0.1664242975
0.369126637	0.316586037	0.859214035	0.348971264	0.874504941	0.725177771	0.38446781	0.527444803	0.272041731	0.14883499	1.167631473	0.868770273	0.526398917	0.216050513
0.358259099	0.290614892	0.7358971405	0.3875247635	0.7813831235	0.7800219265	0.349144061	0.5151612555	0.282757285	0.2356432515	1.089866246	0.8056845815	0.3616539165	0.187619445
0.347391561	0.264643747	0.612580246	0.426078263	0.688261306	0.834866082	0.313820312	0.502877708	0.293472839	0.322451513	1.012101019	0.74259889	0.196908916	0.159188377
0.2977336425	0.277825025	0.474955491	0.2955789765	0.3111463255	0.486118924	0.2356336045	0.3649953275	0.2268476535	0.2700964865	0.822907189	0.588334159	0.241327109	0.1073679495
0.248075724	0.291006303	0.337330736	0.16507969	-0.065968655	0.137371766	0.157446897	0.227112947	0.160222468	0.21774146	0.633713359	0.434069428	0.285745302	0.055547522
0.0523069145	0.0293134145	0.0319169585	-0.0603523665	-0.271221831	0.028104877	0.0789800875	0.0834055135	0.1288930035	0.2159403275	0.3928714855	0.147668805	0.4828057235	0.086122343
-0.143461895	-0.232379474	-0.273496819	-0.285784423	-0.476475007	-0.081162012	0.000513278	-0.06030192	0.097563539	0.214139195	0.152029612	-0.138731818	0.679866145	0.116697164
-0.284614287	-0.2781754825	-0.499077182	-0.497355311	-0.5359038215	-0.290821352	-0.1914796385	-0.165264759	-0.053416985	0.020108961	-0.1366876865	-0.2279111805	0.5344091065	-0.0626851895
-0.425766679	-0.323971491	-0.724657545	-0.708926199	-0.595332636	-0.500480692	-0.383472555	-0.270227598	-0.204397509	-0.173921273	-0.425404985	-0.317090543	0.388952068	-0.242067543
-0.2925357445	-0.3616069975	-0.76834456	-0.588126192	-0.4773029355	-0.552693675	-0.391493363	-0.3743993635	-0.2569782505	-0.2113529535	-0.3742155805	-0.3483161035	-0.155633215	-0.3769726145
-0.15930481	-0.399242504	-0.812031575	-0.467326185	-0.359273235	-0.604906658	-0.399514171	-0.478571129	-0.309558992	-0.248784634	-0.323026176	-0.379541664	-0.700218498	-0.511877686
-0.417000668	-0.5272183715	-0.838426741	-0.282680855	-0.63181361	-0.7934539155	-0.424271067	-0.5063640285	-0.3059714465	-0.2509951665	-0.701339358	-0.7980434465	-1.0340062935	-0.763360284
-0.674696526	-0.655194239	-0.864821907	-0.098035525	-0.904353985	-0.982001173	-0.449027963	-0.534156928	-0.302383901	-0.253205699	-1.07965254	-1.216545229	-1.367794089	-1.014842882
-0.591539359	-0.5572139485	-0.9384388505	-0.229194905	-0.659417104	-0.7140323165	-0.2907425545	-0.349604308	-0.1983864045	-0.2365488285	-1.2436875985	-1.2610979335	-1.08132425	-0.690057787
-0.508382192	-0.459233658	-1.012055794	-0.360354285	-0.414480223	-0.44606346	-0.132457146	-0.165051688	-0.094388908	-0.219891958	-1.407722657	-1.305650638	-0.794854411	-0.365272692
-0.4270295155	-0.3822442705	-0.7604423285	-0.2793144395	0.015695304	-0.084678769	0.1269062405	-0.016713965	0.0637243865	-0.0472279155	-1.1853120515	-0.99323176	-0.443282164	-0.111662271
-0.345676839	-0.305254883	-0.508828863	-0.198274594	0.445870831	0.276705922	0.386269627	0.131623758	0.221837681	0.125436127	-0.962901446	-0.680812882	-0.091709917	0.14194815
-0.4178399745	-0.3057531795	-0.7410585475	-0.311536566	0.2892876715	0.16309963	0.244517319	0.0461483175	0.0922843925	-0.02434671	-0.918038181	-0.651615362	-0.136756253	0.027081445
-0.49000311	-0.306251476	-0.973288232	-0.424798538	0.132704512	0.049493338	0.102765011	-0.039327123	-0.037268896	-0.174129547	-0.873174916	-0.622417842	-0.181802589	-0.08778526
-0.4240170995	-0.238929337	-0.6579672695	-0.291768412	0.117519154	-0.0002477405	0.003162219	-0.074691677	-0.0393354065	-0.1854861275	-0.7308884175	-0.515736534	-0.2553752065	-0.2520645255
-0.358031089	-0.171607198	-0.342646307	-0.158738286	0.102333796	-0.049988819	-0.096440573	-0.110056231	-0.041401917	-0.196842708	-0.588601919	-0.409055226	-0.328947824	-0.416343791
-0.1624307225	-0.02427327	-0.108514437	0.0382121325	0.009868858	-0.026007448	-0.016734031	-0.0165361265	0.073048604	-0.02832555	-0.3642980985	-0.2375630625	-0.243651474	-0.3003131815
0.033169644	0.123060658	0.125617433	0.235162551	-0.08259608	-0.002026077	0.062972511	0.076983978	0.187499125	0.140191608	-0.139994278	-0.066070899	-0.158355124	-0.184282572
-0.020958166	0.053994411	0.245355988	0.2765597875	-0.035361151	0.0700593925	0.0362496725	0.0976463275	0.2057755475	0.1591653895	-0.128245104	-0.125806236	-0.0664808335	-0.0863026235
-0.075085976	-0.015071836	0.365094543	0.317957024	0.011873778	0.142144862	0.009526834	0.118308677	0.22405197	0.178139171	-0.11649593	-0.185541573	0.025393457	0.011677325
0.014243471	0.0670161905	0.4177604375	0.253445658	0.023114364	0.206365206	-0.0874388085	0.0582503205	0.172428313	0.2253609655	-0.030394989	-0.030100202	-0.002339908	0.1963078385
0.103572918	0.149104217	0.470426332	0.188934292	0.03435495	0.27058555	-0.184404451	-0.001808036	0.120804656	0.27258276	0.055705952	0.125341169	-0.030073273	0.380938352
0.0680634025	0.0937403975	0.4227223235	0.0957050955	0.088616642	0.3128043785	-0.1546611455	-0.085359045	0.039885843	0.164133605	0.2020092215	0.230711804	0.0217185885	0.4770176625
0.032553887	0.038376578	0.375018315	0.002475899	0.142878334	0.355023207	-0.12491784	-0.168910054	-0.04103297	0.05568445	0.348312491	0.336082439	0.07351045	0.573096973
-0.006289764	0.022942471	0.19892407	-0.058453428	0.020769102	0.2775985955	-0.137047721	-0.163690296	-0.1076975025	-0.035011373	0.332745669	0.4055097615	0.046318129	0.704955535
-0.045133415	0.007508364	0.022829825	-0.119382755	-0.10134013	0.200173984	-0.149177602	-0.158470538	-0.174362035	-0.125707196	0.317178847	0.474937084	0.019125808	0.836814097
0.0186039145	0.1472779305	0.1390033585	0.1455703155	-0.271950278	-0.037949431	-0.2078546685	-0.1627781375	-0.232595262	-0.14441665	0.3055558145	0.4154179905	-0.4282382305	0.6093259995
0.082341244	0.287047497	0.255176892	0.410523386	-0.442560426	-0.276072846	-0.266531735	-0.167085737	-0.290828489	-0.163126104	0.293932782	0.355898897	-0.875602269	0.381837902
0.0743211055	0.2274867235	0.0729576015	0.2554881525	-0.4330813495	-0.224261403	-0.2705720025	-0.158572773	-0.2343116145	-0.1536443075	0.027142444	0.033716813	-0.8772089545	0.2867087125
0.066300967	0.16792595	-0.109261689	0.100452919	-0.423602273	-0.17244996	-0.27461227	-0.150059809	-0.17779474	-0.144162511	-0.239647894	-0.288465271	-0.87881564	0.191579523
0.082290658	0.2076222335	-0.024560918	0.15939373	-0.3345250715	-0.11294852	-0.112009863	-0.1800377405	-0.1314845535	-0.119527718	-0.144065705	-0.1500255975	-0.937804645	0.0216168805
0.098280349	0.247318517	0.060139853	0.218334541	-0.24544787	-0.05344708	0.050592544	-0.210015672	-0.085174367	-0.094892925	-0.048483516	-0.011585924	-0.99679365	-0.148345762
0.0961770175	0.287632138	0.090922604	0.1351589045	-0.115246086	-0.0364555085	-0.0840255895	-0.281978881	-0.1621582825	-0.193159958	-0.106054943	-0.024313811	-0.841291336	-0.170050796
0.094073686	0.327945759	0.121705355	0.051983268	0.014955698	-0.019463937	-0.218643723	-0.35394209	-0.239142198	-0.291426991	-0.16362637	-0.037041698	-0.685789022	-0.19175583
0.0835707345	0.292081736	0.21765736	0.1273050675	-0.0452618835	-0.0932276	-0.2661367185	-0.314318915	-0.322011635	-0.3451003165	-0.0210646785	0.0873275005	-0.518539834	-0.235772553
0.073067783	0.256217713	0.313609365	0.202626867	-0.105479465	-0.166991263	-0.313629714	-0.27469574	-0.404881072	-0.398773642	0.121497013	0.211696699	-0.351290646	-0.279789276
0.076502785	0.1722414415	0.184790897	0.1697784765	-0.049536286	-0.070335503	-0.1816692255	-0.172479781	-0.176631948	-0.111933389	0.0400709705	0.127378137	-0.188283958	-0.2490677235
0.079937787	0.08826517	0.055972429	0.136930086	0.006406893	0.026320257	-0.049708737	-0.070263822	0.051617176	0.174906864	-0.041355072	0.043059575	-0.02527727	-0.218346171
0.1028952555	0.133248003	0.0688649445	0.132464218	-0.092192972	-0.1108793295	0.003322757	-0.010383204	0.118800042	0.187970062	-0.1215576185	-0.024910595	-0.0290414625	-0.2143322265
0.125852724	0.178230836	0.08175746	0.12799835	-0.190792837	-0.248078916	0.056354251	0.049497414	0.185982908	0.20103326	-0.201760165	-0.092880765	-0.032805655	-0.210318282
0.1253045285	0.1041117745	0.0679622225	0.195475368	-0.4035555685	-0.3835692025	-0.143414676	-0.1197269	0.0110104735	0.0345231645	-0.2052151235	-0.157783635	-0.235165544	-0.350760589
0.124756333	0.029992713	0.054166985	0.262952386	-0.6163183	-0.519059489	-0.343183603	-0.288951214	-0.163961961	-0.131986931	-0.208670082	-0.222686505	-0.437525433	-0.491202896
0.1697005575	0.093829326	0.31820964	0.3949781875	-0.508436926	-0.4139221835	-0.329742272	-0.2944533935	-0.2616544145	-0.2189201015	-0.1211194255	-0.1096555585	-0.429316858	-0.518861582
0.214644782	0.157665939	0.582252295	0.527003989	-0.400555552	-0.308784878	-0.316300941	-0.299955573	-0.359346868	-0.305853272	-0.033568769	0.003375388	-0.421108283	-0.546520268
0.183457894	0.0865021165	0.469115291	0.446673916	-0.464883858	-0.3478585695	-0.3108802305	-0.3339637115	-0.5266833865	-0.498078427	-0.002717584	-0.0361362955	-0.618443642	-0.642886834
0.152271006	0.015338294	0.355978287	0.366343843	-0.529212164	-0.386932261	-0.30545952	-0.36797185	-0.694019905	-0.690303582	0.028133601	-0.075647979	-0.815779001	-0.7392534
0.1341200705	0.0788629865	0.456040669	0.442956911	-0.427667648	-0.3136696515	-0.1951817965	-0.235210275	-0.496431126	-0.5381291295	0.108153923	0.1183128905	-0.688457974	-0.5041103675
0.115969135	0.142387679	0.556103051	0.519569979	-0.326123132	-0.240407042	-0.084904073	-0.1024487	-0.298842347	-0.385954677	0.188174245	0.31227376	-0.561136947	-0.268967335
0.0180881105	0.0321942185	0.4443126595	0.3890600015	-0.272235552	-0.259309171	-0.066219297	-0.0925368015	-0.218823985	-0.2724200335	0.169217732	0.299394531	-0.472421254	-0.2438998885
-0.079792914	-0.077999242	0.332522268	0.258550024	-0.218347972	-0.2782113	-0.047534521	-0.082624903	-0.138805623	-0.15888539	0.150261219	0.286515302	-0.383705561	-0.218832442
-0.1511504525	-0.157534194	0.2848458205	0.120593388	0.1555983255	-0.01612763	0.1498084035	0.0793057255	0.1440643425	0.062337688	0.071170079	0.1614582175	-0.198026264	-0.0826744645
-0.222507991	-0.237069146	0.237169373	-0.017363248	0.529544623	0.24595604	0.347151328	0.241236354	0.426934308	0.283560766	-0.007921061	0.036401133	-0.012346967	0.053483513
-0.303319305	-0.261201542	-0.0875651755	-0.176904865	1.049276676	0.638676049	0.59331172	0.54184552	0.6409777785	0.5270970615	-0.403203292	-0.348243286	0.1137484215	-0.000177016999999998
-0.384130619	-0.285333938	-0.412299724	-0.336446482	1.569008729	1.031396058	0.839472112	0.842454686	0.855021249	0.770633357	-0.798485523	-0.732887705	0.23984381	-0.053837547
-0.2141647105	-0.209919894	-0.2560883935	-0.304399969	1.5563310565	1.1728823825	0.8597071755	0.751385988	0.888020873	0.7683335615	-0.6714418195	-0.6294851835	0.408252516	0.0065203925
-0.044198802	-0.13450585	-0.099877063	-0.272353456	1.543653384	1.314368707	0.879942239	0.66031729	0.921020497	0.766033766	-0.544398116	-0.526082662	0.576661222	0.066878332
-0.0799038365	-0.1387154755	-0.2106820815	-0.2898407455	1.3020672645	0.9818191635	0.613638103	0.4859268725	0.6847245095	0.548051842	-0.520914024	-0.557340241	0.6813016775	0.16976952
-0.115608871	-0.142925101	-0.3214871	-0.307328035	1.060481145	0.64926962	0.347333967	0.311536455	0.448428522	0.330069918	-0.497429932	-0.58859782	0.785942133	0.272660708
-0.1347140605	-0.237403516	-0.55750871	-0.456370035	0.696338853	0.4067871985	0.2731034685	0.245766924	0.2714689845	0.2157429235	-0.4394505685	-0.584620939	0.8938548895	0.242405829
-0.15381925	-0.331881931	-0.79353032	-0.605412035	0.332196561	0.164304777	0.19887297	0.179997393	0.094509447	0.101415929	-0.381471205	-0.580644058	1.001767646	0.21215095
-0.2461875985	-0.271103694	-0.935386066	-0.6149712785	0.225735434	0.157186508	0.1372679355	0.052524031	-0.0319542805	0.0181144785	-0.32307871	-0.3918339955	0.8701688965	0.1401839865
-0.338555947	-0.210325457	-1.077241812	-0.624530522	0.119274307	0.150068239	0.075662901	-0.074949331	-0.158418008	-0.065186972	-0.264686215	-0.203023933	0.738570147	0.068217023
-0.283089884	-0.154474682	-0.9487543085	-0.515293027	-0.0264127375	0.069751639	0.0571542985	-0.019266476	-0.18083745	-0.1276477495	-0.165191803	-0.084049436	0.7619464595	0.0746840835
-0.227623821	-0.098623907	-0.820266805	-0.406055532	-0.172099782	-0.010564961	0.038645696	0.036416379	-0.203256892	-0.190108527	-0.065697391	0.034925061	0.785322772	0.081151144
-0.079336683	-0.0118849115	-0.5649966675	-0.269013254	-0.231394418	-0.086834656	0.0380091365	0.0318959735	-0.132784006	-0.135725298	0.0845393495	0.263953926	0.713199877	0.0724357965
0.068950455	0.074854084	-0.30972653	-0.131970976	-0.290689054	-0.163104351	0.037372577	0.027375568	-0.06231112	-0.081342069	0.23477609	0.492982791	0.641076982	0.063720449
0.150971372	0.216954312	-0.0396034875	0.0176449985	-0.199831828	-0.122643768	0.00350774	0.071489641	-0.097409283	-0.071787905	0.3652005225	0.5573492955	0.589085574	0.077315878
0.232992289	0.35905454	0.230519555	0.167260973	-0.108974602	-0.082183185	-0.030357097	0.115603714	-0.132507446	-0.062233741	0.495624955	0.6217158	0.537094166	0.090911307
0.2194570685	0.3238904865	0.3799819425	0.328196292	-0.236029785	-0.0552923035	-0.0966087085	-0.006398526	-0.1789861195	-0.1672179335	0.447650136	0.6043147865	0.4945213285	-0.1246834575
0.205921848	0.288726433	0.52944433	0.489131611	-0.363084968	-0.028401422	-0.16286032	-0.128400766	-0.225464793	-0.272202126	0.399675317	0.586913773	0.451948491	-0.340278222
0.1567767605	0.244361773	0.4327070305	0.319270895	-0.21740093	0.015323853	-0.070205287	-0.0460978495	-0.1639924735	-0.169523343	0.4129429195	0.574158106	0.538226105	-0.4162693315
0.107631673	0.199997113	0.335969731	0.149410179	-0.071716892	0.059049128	0.022449746	0.036205067	-0.102520154	-0.06684456	0.426210522	0.561402439	0.624503719	-0.492260441
0.0550840615	0.1065485695	0.212736299	0.036622315	0.079365449	0.1751403795	0.216574601	0.2073309605	0.1674768455	0.1557465595	0.3455843465	0.3165187155	0.5966085925	-0.2606287045
0.00253645	0.013100026	0.089502867	-0.076165549	0.23044779	0.291231631	0.410699456	0.378456854	0.437473845	0.378337679	0.264958171	0.071634992	0.568713466	-0.028996968
-0.0110189025	-0.174567574	-0.1220849335	-0.30954888	0.2211209695	0.294807859	0.369990808	0.3818835705	0.4878068615	0.4788676475	0.00582070700000001	-0.2824329865	0.5861512225	0.198366598
-0.024574255	-0.362235174	-0.333672734	-0.542932211	0.211794149	0.298384087	0.32928216	0.385310287	0.538139878	0.579397616	-0.253316757	-0.636500965	0.603588979	0.425730164
-0.071481345	-0.3415842875	-0.265718033	-0.3821377065	0.1889692345	0.1221450985	0.174123146	0.221770684	0.3904395365	0.425131356	-0.2787105195	-0.633156968	0.212407252	0.4095875035
-0.118388435	-0.320933401	-0.197763332	-0.221343202	0.16614432	-0.05409389	0.018964132	0.058231081	0.242739195	0.270865096	-0.304104282	-0.629812971	-0.178774475	0.393444843
0.0052886665	-0.1777487695	0.1278876825	0.020257622	0.136822225	-0.10654876	-0.111285134	-0.0239535855	0.089838827	0.1382756975	-0.1337412815	-0.449870266	-0.087647586	0.4999876555
0.128965768	-0.034564138	0.453538697	0.261858446	0.10750013	-0.15900363	-0.2415344	-0.106138252	-0.063061541	0.005686299	0.036621719	-0.269927561	0.003479303	0.606530468
0.162849536	-0.0275331455	0.498904826	0.290722386	-0.009380398	-0.225646668	-0.2690793625	-0.223026251	-0.1587826485	-0.1409596185	0.235857528	-0.0994676825	0.0569420205	0.584973469
0.196733304	-0.020502153	0.544270955	0.319586326	-0.126260926	-0.292289706	-0.296624325	-0.33991425	-0.254503756	-0.287605536	0.435093337	0.070992196	0.110404738	0.56341647
0.1322671925	-0.050152112	0.448061065	0.2299847685	-0.282875958	-0.3803550805	-0.2764267165	-0.202927531	-0.1767330975	-0.2541656225	0.425298823	0.157531159	0.0700951035	0.519616484
0.067801081	-0.079802071	0.351851175	0.140383211	-0.43949099	-0.468420455	-0.256229108	-0.065940812	-0.098962439	-0.220725709	0.415504309	0.244070122	0.029785469	0.475816498
0.156208963	0.031960645	0.449786084	0.238781551	-0.326228637	-0.2940460285	-0.152250759	-0.027774869	0.0202802025	0.0518791115	0.4367251935	0.270867913	-0.000174746500000001	0.5027166405
0.244616845	0.143723361	0.547720993	0.337179891	-0.212966284	-0.119671602	-0.04827241	0.010391074	0.139522844	0.324483932	0.457946078	0.297665704	-0.030134962	0.529616783
0.188124462	0.1148890085	0.461009729	0.321601875	-0.2181304825	-0.083866022	-0.122676494	-7.85144999999998e-05	0.126402158	0.2394130105	0.364899807	0.240389056	0.0078783835	0.4652968635
0.131632079	0.086054656	0.374298465	0.306023859	-0.223294681	-0.048060442	-0.197080578	-0.010548103	0.113281472	0.154342089	0.271853536	0.183112408	0.045891729	0.400976944
0.181532476	0.090051793	0.5081899615	0.3383408425	-0.124467419	0.0334526385	-0.1310338575	-0.0032249315	0.10231968	0.148984865	0.2522949645	0.18404945	-0.083400713	0.300472068
0.231432873	0.09404893	0.642081458	0.370657826	-0.025640157	0.114965719	-0.064987137	0.00409824	0.091357888	0.143627641	0.232736393	0.184986492	-0.212693155	0.199967192
0.0832037625	0.048462419	0.397288144	0.161421919	-0.1793308935	-0.0626774985	-0.1363846785	-0.086191522	-0.082876505	-0.0247760765	0.292854484	0.219162674	-0.7154147025	0.046823201
-0.065025348	0.002875908	0.15249483	-0.047813988	-0.33302163	-0.240320716	-0.20778222	-0.176481284	-0.257110898	-0.193179794	0.352972575	0.253338856	-1.21813625	-0.10632079
-0.171938679	-0.040432251	-0.1520834855	-0.1547219015	-0.448679375	-0.3105359605	-0.2827140955	-0.2637009675	-0.4564832085	-0.4010315585	0.4649749135	0.463084179	-1.147006859	0.013703575
-0.27885201	-0.08374041	-0.456661801	-0.261629815	-0.56433712	-0.380751205	-0.357645971	-0.350920651	-0.655855519	-0.608883323	0.576977252	0.672829502	-1.075877468	0.13372794
-0.1353540235	0.030841043	-0.378382431	-0.2632985155	-0.5764285525	-0.398085623	-0.335809962	-0.3210851815	-0.602525616	-0.6272483345	0.6096727455	0.7728710785	-0.690051453	0.286857697
0.008143963	0.145422496	-0.300103061	-0.264967216	-0.588519985	-0.415420041	-0.313973953	-0.291249712	-0.549195713	-0.645613346	0.642368239	0.872912655	-0.304225438	0.439987454
-0.0167405175	0.146808878	-0.3063987095	-0.3345983305	-0.5430856615	-0.388352228	-0.269627255	-0.3005944345	-0.4203454835	-0.405476661	0.6341945675	0.7801266315	-0.1282736855	0.257591464
-0.041624998	0.14819526	-0.312694358	-0.404229445	-0.497651338	-0.361284415	-0.225280557	-0.309939157	-0.291495254	-0.165339976	0.626020896	0.687340608	0.047678067	0.075195474
0.0779163795	0.202172533	-0.204571349	-0.311024881	-0.3294889755	-0.2049775175	-0.130069068	-0.2132244215	-0.12361099	-0.0467381395	0.6048553105	0.603030432	0.0685136135	-0.0238275525
0.197457757	0.256149806	-0.09644834	-0.217820317	-0.161326613	-0.04867062	-0.034857579	-0.116509686	0.044273274	0.071863697	0.583689725	0.518720256	0.08934916	-0.122850579
0.10959046	0.1092224195	-0.1098385705	-0.2239573795	-0.353681176	-0.164354346	-0.096277948	-0.146076544	0.042760744	0.104874473	0.290313178	0.225449454	-0.237726466	-0.179762208
0.021723163	-0.037704967	-0.123228801	-0.230094442	-0.546035739	-0.280038072	-0.157698317	-0.175643402	0.041248214	0.137885249	-0.003063369	-0.067821348	-0.564802092	-0.236673837
0.08804591	0.0269754	0.03097753	-0.1208644935	-0.29740358	-0.083479359	-0.1560594885	-0.136236413	0.062659462	0.212844059	0.0289700405	-0.078850586	-0.3696461775	-0.0936884835
0.154368657	0.091655767	0.185183861	-0.011634545	-0.048771421	0.113079354	-0.15442066	-0.096829424	0.08407071	0.287802869	0.06100345	-0.089879824	-0.174490263	0.04929687
0.1082525075	0.040571824	0.242108752	0.165645694	0.026362239	0.035911683	-0.126724211	-0.1467246685	0.0402844955	0.185007638	-0.1211709815	-0.314153115	-0.1598775615	-0.3519467505
0.062136358	-0.010512119	0.299033643	0.342925933	0.101495899	-0.041255988	-0.099027762	-0.196619913	-0.003501719	0.082212407	-0.303345413	-0.538426406	-0.14526486	-0.753190371
-0.05447211	-0.092043279	0.079572223	0.218845303	0.2350601435	-0.002761209	0.0437973385	-0.029128194	-0.011733949	0.044122469	-0.4097405595	-0.540465732	-0.0295961	-0.6256545535
-0.171080578	-0.173574439	-0.139889197	0.094764673	0.368624388	0.03573357	0.186622439	0.138363525	-0.019966179	0.006032531	-0.516135706	-0.542505058	0.08607266	-0.498118736
-0.2465143655	-0.1872503935	-0.451052063	-0.149076956	0.444098057	0.1003237625	0.384338313	0.2413380945	0.0507192135	-0.001260489	-0.5401738495	-0.4278233925	0.407744377	-0.2411304445
-0.321948153	-0.200926348	-0.762214929	-0.392918585	0.519571726	0.164913955	0.582054187	0.344312664	0.121404606	-0.008553509	-0.564211993	-0.313141727	0.729416094	0.015857847
-0.3013799865	-0.1661518545	-0.7969562435	-0.4236402625	0.579613252	0.2886949285	0.47626928	0.283142043	0.197780935	0.060274996	-0.5373436945	-0.304406207	0.780795662	0.176297059
-0.28081182	-0.131377361	-0.831697558	-0.45436194	0.639654778	0.412475902	0.370484373	0.221971422	0.274157264	0.129103501	-0.510475396	-0.295670687	0.83217523	0.336736271
-0.216668116	-0.074351726	-0.60981743	-0.3894495905	0.4988619155	0.294829672	0.3062703525	0.1820407235	0.244585698	0.058054429	-0.563206402	-0.2858759165	0.269459542	0.157441173
-0.152524412	-0.017326091	-0.387937302	-0.324537241	0.358069053	0.177183442	0.242056332	0.142110025	0.215014132	-0.012994643	-0.615937408	-0.276081146	-0.293256146	-0.021853925
-0.0788344115	-0.057619195	-0.264573944	-0.102668328	0.2775695025	0.257471064	0.1810021795	0.138395084	0.097820189	0.042236526	-0.4587142675	-0.279811578	-0.5506779475	0.005820034
-0.005144411	-0.097912299	-0.141210586	0.119200585	0.197069952	0.337758686	0.119948027	0.134680143	-0.019373754	0.097467695	-0.301491127	-0.28354201	-0.808099749	0.033493993
-0.0043534845	-0.008045458	0.071619254	0.25703938	0.188779802	0.348384449	0.0199495325	0.118458056	-0.065518948	0.012092213	-0.1323230215	-0.047467459	-0.550298332	0.002639115
-0.003562558	0.081821383	0.284449094	0.394878175	0.180489652	0.359010212	-0.080048962	0.102235969	-0.111664142	-0.073283269	0.036845084	0.188607092	-0.292496915	-0.028215763
-0.043010829	-0.0189021335	0.227673234	0.391029949	0.085125803	0.2754713385	-0.135691594	-0.0582120635	-0.1682192765	-0.2133326145	0.069982058	0.0555482185	-0.0870233595	-0.1339669075
-0.0824591	-0.11962565	0.170897374	0.387181723	-0.010238046	0.191932465	-0.191334226	-0.218660096	-0.224774411	-0.35338196	0.103119032	-0.077510655	0.118450196	-0.239718052
-0.073724269	-0.080819196	0.3256141855	0.477170445	0.0327495105	0.2009034095	-0.179846921	-0.2012990715	-0.091607876	-0.251898338	-0.0173161955	-0.0213750395	0.249737468	-0.338312598
-0.064989438	-0.042012742	0.480330997	0.567159167	0.075737067	0.209874354	-0.168359616	-0.183938047	0.041558659	-0.150414716	-0.137751423	0.034760576	0.38102474	-0.436907144
-0.08948057	-0.000688348499999998	0.31327334	0.2939757655	0.0423800045	0.1045349145	-0.133986098	-0.1210117975	0.0151582495	-0.171830539	-0.1750305225	0.0789070665	0.451365397	-0.507639806
-0.113971702	0.040636045	0.146215683	0.020792364	0.009022942	-0.000804525	-0.09961258	-0.058085548	-0.01124216	-0.193246362	-0.212309622	0.123053557	0.521706054	-0.578372468
-0.013165505	0.1697335255	0.022835655	-0.031797173	-0.0287301105	-0.07102275	-0.0287319965	0.017470414	-0.052616496	-0.184254255	-0.101385684	0.171695348	0.56901746	-0.3815267235
0.087640692	0.298831006	-0.100544373	-0.08438671	-0.066483163	-0.141240975	0.042148587	0.093026376	-0.093990832	-0.175262148	0.009538254	0.220337139	0.616328866	-0.184680979
0.1514646255	0.350968102	0.09259761	0.007599231	-0.085344994	-0.183802303	0.0531565895	0.0727432305	-0.101342855	-0.08891538	0.1883241085	0.3834611755	0.501170745	-0.13983892
0.215288559	0.403105198	0.285739593	0.099585172	-0.104206825	-0.226363631	0.064164592	0.052460085	-0.108694878	-0.002568612	0.367109963	0.546585212	0.386012624	-0.094996861
0.2690096415	0.3864968345	0.12658069	0.058892791	-0.0265832675	-0.132440914	0.10739968	0.1330471215	-0.028468481	0.0030414905	0.333602383	0.1941830655	0.2245149885	0.055711194
0.322730724	0.369888471	-0.032578213	0.01820041	0.05104029	-0.038518197	0.150634768	0.213634158	0.051757916	0.008651593	0.300094803	-0.158219081	0.063017353	0.206419249
0.2521654755	0.2327359655	-0.026758779	-0.018117279	0.0682226395	-0.004531371	0.170393157	0.1925209185	0.105398229	0.098191861	-0.0178668835	-0.241512529	-0.218274242	0.2206552545
0.181600227	0.09558346	-0.020939345	-0.054434968	0.085404989	0.029455455	0.190151546	0.171407679	0.159038542	0.187732129	-0.33582857	-0.324805977	-0.499565837	0.23489126
0.108387044	0.038688029	-0.0923584305	-0.075657432	0.015576351	-0.0121762495	0.020714351	0.040425941	0.004500347	-0.029388672	-0.2461183525	-0.265942903	-0.872433252	0.1982100155
0.035173861	-0.018207402	-0.163777516	-0.096879896	-0.054252287	-0.053807954	-0.148722844	-0.090555797	-0.150037848	-0.246509473	-0.156408135	-0.207079829	-1.245300667	0.161528771
0.119322835	0.0564798365	-0.1157632755	-0.1532225025	0.058718039	0.00287846	-0.1799400845	-0.129735728	-0.1222484685	-0.1686675635	-0.1265792305	-0.121684516	-1.2308414565	0.2006696105
0.203471809	0.131167075	-0.067749035	-0.209565109	0.171688365	0.059564874	-0.211157325	-0.168915659	-0.094459089	-0.090825654	-0.096750326	-0.036289203	-1.216382246	0.23981045
0.109188979	0.0644051705	-0.0709905995	-0.13843949	0.2079996625	0.1397982695	-0.072288981	-0.0809187485	-0.029122387	-0.019846552	-0.1081768885	-0.064187762	-0.8199071165	0.0884899655
0.014906149	-0.002356734	-0.074232164	-0.067313871	0.24431096	0.220031665	0.066579363	0.007078162	0.036214315	0.05113255	-0.119603451	-0.092086321	-0.423431987	-0.062830519
0.06758855	-0.050264768	0.1211569845	0.1871456225	0.1749933655	0.1516438725	0.082956819	0.1002769805	0.1937738965	0.222067764	-0.173385301	-0.1752233505	-0.2384279665	-0.0895991855
0.120270951	-0.098172802	0.316546133	0.441605116	0.105675771	0.08325608	0.099334275	0.193475799	0.351333478	0.393002978	-0.227167151	-0.25836038	-0.053423946	-0.116367852
0.12152084	-0.015572755	0.5256863615	0.548089257	-0.012110079	0.00691741749999999	0.040541099	0.073381182	0.2811749275	0.3278459255	-0.2443914975	-0.178602654	-0.044932413	-0.3320275685
0.122770729	0.067027292	0.73482659	0.654573398	-0.129895929	-0.069421245	-0.018252077	-0.046713435	0.211016377	0.262688873	-0.261615844	-0.098844928	-0.03644088	-0.547687285
0.1235279385	0.050425464	0.802670627	0.6426357695	-0.382483146	-0.2317129065	-0.059349343	-0.0881920755	0.163935791	0.1961995095	-0.318959622	-0.287407253	-0.335774855	-0.9329718175
0.124285148	0.033823636	0.870514664	0.630698141	-0.635070363	-0.394004568	-0.100446609	-0.129670716	0.116855205	0.129710146	-0.3763034	-0.475969578	-0.63510883	-1.31825635
0.1359720685	0.0314804325	0.737676257	0.4639352315	-0.4669109415	-0.3187023915	-0.0281074655	-0.0210462255	0.112082471	0.2278791965	-0.310190172	-0.4363558785	-0.491016212	-0.881861094
0.147658989	0.029137229	0.60483785	0.297172322	-0.29875152	-0.243400215	0.044231678	0.087578265	0.107309737	0.326048247	-0.244076944	-0.396742179	-0.346923594	-0.445465838
-0.0139693565	-0.13921477	0.388864747	0.161262118	-0.3206178995	-0.20487805	0.0136000785	0.018645682	0.093929292	0.27429753	-0.260432776	-0.4166375895	-0.31274457	-0.214686244
-0.175597702	-0.307566769	0.172891644	0.025351914	-0.342484279	-0.166355885	-0.017031521	-0.050286901	0.080548847	0.222546813	-0.276788608	-0.436533	-0.278565546	0.01609335
-0.1820866395	-0.342406976	-0.00975321699999999	-0.17174238	-0.284224492	-0.193682459	-0.0487043365	-0.118134738	0.000268214000000003	0.083521225	-0.1952338435	-0.2881544935	-0.2059504135	0.1665093335
-0.188575577	-0.377247183	-0.192398078	-0.368836674	-0.225964705	-0.221009033	-0.080377152	-0.185982575	-0.080012419	-0.055504363	-0.113679079	-0.139775987	-0.133335281	0.316925317
-0.288406564	-0.351491945	-0.319469601	-0.4085484605	-0.143196551	-0.2663749415	0.024795469	-0.103149296	-0.008161125	-0.038253645	-0.082974678	-0.215330383	0.2973292955	0.331265185
-0.388237551	-0.325736707	-0.446541124	-0.448260247	-0.060428397	-0.31174085	0.12996809	-0.020316017	0.063690169	-0.021002927	-0.052270277	-0.290884779	0.727993872	0.345605053
-0.421939918	-0.3906662075	-0.7167656865	-0.4360478255	0.2141161645	-0.041894255	0.3393355165	0.174496512	0.2276235685	0.1567696035	-0.184182844	-0.4829691475	0.9053476425	0.3684777145
-0.455642285	-0.455595708	-0.986990249	-0.423835404	0.488660726	0.22795234	0.548702943	0.369309041	0.391556968	0.334542134	-0.316095411	-0.675053516	1.082701413	0.391350376
-0.3990971985	-0.4692109095	-0.704620127	-0.381710332	0.6682143015	0.276784973	0.463412267	0.327943854	0.430656707	0.3507603135	-0.3529158485	-0.514110549	0.984496725	0.2633772935
-0.342552112	-0.482826111	-0.422250005	-0.33958526	0.847767877	0.325617606	0.378121591	0.286578667	0.469756446	0.366978493	-0.389736286	-0.353167582	0.886292037	0.135404211
-0.2750849025	-0.309276098	-0.3036664075	-0.209996915	0.676238675	0.332973377	0.234379923	0.203913409	0.3508860905	0.3293453625	-0.333876888	-0.184076775	0.804805262	0.1821201985
-0.207617693	-0.135726085	-0.18508281	-0.08040857	0.504709473	0.340329148	0.090638255	0.121248151	0.232015735	0.291712232	-0.27801749	-0.014985968	0.723318487	0.228836186
-0.154063755	-0.0904613595	-0.126119375	0.0193885425	0.4132717115	0.2957984345	0.0140919855	0.0795478135	0.155171131	0.226865864	-0.2577618785	-0.0487526705	0.608196095	0.28847032
-0.100509817	-0.045196634	-0.06715594	0.119185655	0.32183395	0.251267721	-0.062454284	0.037847476	0.078326527	0.162019496	-0.237506267	-0.082519373	0.493073703	0.348104454
-0.0794566415	-0.0215737515	-0.010139934	0.0844570245	0.199102183	0.248339585	-0.0376989205	0.0411682645	-0.0591979085	0.02077971	-0.1542935075	0.0124197285	0.392871215	0.2895501845
-0.058403466	0.002049131	0.046876072	0.049728394	0.076370416	0.245411449	-0.012943557	0.044489053	-0.196722344	-0.120460076	-0.071080748	0.10735883	0.292668727	0.230995915
0.0673682785	0.147571439	0.135118322	0.142614589	0.080276668	0.226431276	-0.0434514195	-0.0111048995	-0.240332014	-0.2260216015	0.182484881	0.235076858	0.3083435025	0.190335463
0.193140023	0.293093747	0.223360572	0.235500784	0.08418292	0.207451103	-0.073959282	-0.066698852	-0.283941684	-0.331583127	0.43605051	0.362794886	0.324018278	0.149675011
0.1952114655	0.290305102	0.3434370215	0.2356978385	-0.0338132075	0.047541311	-0.1596126575	-0.1459441985	-0.3727791995	-0.485409417	0.4232023045	0.440785357	0.311257599	0.1248012145
0.197282908	0.287516457	0.463513471	0.235894893	-0.151809335	-0.112368481	-0.245266033	-0.225189545	-0.461616715	-0.639235707	0.410354099	0.518775828	0.29849692	0.099927418
0.2063787885	0.2878642005	0.3631362635	0.0688875745	-0.325659848	-0.151037602	-0.24701718	-0.1741788415	-0.3876220705	-0.4886743455	0.4989725585	0.4564506565	0.235151128	0.048593978
0.215474669	0.288211944	0.262759056	-0.098119744	-0.499510361	-0.189706723	-0.248768327	-0.123168138	-0.313627426	-0.338112984	0.587591018	0.394125485	0.171805336	-0.002739462
0.169999121	0.2415681605	0.0110768065	-0.2293597975	-0.4958545455	-0.1622573425	-0.22468222	-0.13416508	-0.3016969845	-0.3546606815	0.5159567475	0.4630634435	-0.0810968985	-0.065697505
0.124523573	0.194924377	-0.240605443	-0.360599851	-0.49219873	-0.134807962	-0.200596113	-0.145162022	-0.289766543	-0.371208379	0.444322477	0.532001402	-0.333999133	-0.128655548
0.059867126	0.153407668	-0.3789145835	-0.3968619905	-0.347173624	-0.022912188	-0.1700022595	-0.137279036	-0.246840007	-0.30933631	0.4275068555	0.4570103735	-0.2540940065	-0.1799700235
-0.004789321	0.111890959	-0.517223724	-0.43312413	-0.202148518	0.088983586	-0.139408406	-0.12939605	-0.203913471	-0.247464241	0.410691234	0.382019345	-0.17418888	-0.231284499
-0.052788774	0.0077555365	-0.4676423125	-0.391126911	-0.1757153575	0.04184121	-0.1898722695	-0.1234208405	-0.167658817	-0.1492882825	0.310350161	0.3185117455	-0.042432631	-0.1363192595
-0.100788227	-0.096379886	-0.418060901	-0.349129692	-0.149282197	-0.005301166	-0.240336133	-0.117445631	-0.131404163	-0.051112324	0.210009088	0.255004146	0.089323618	-0.04135402
-0.063292779	-0.0935533885	-0.566512959	-0.471492531	-0.087520985	0.009139144	-0.1746263715	-0.064427565	-0.0694684165	0.002386473	0.25071945	0.1687247005	0.109358679	0.119289016
-0.025797331	-0.090726891	-0.714965017	-0.59385537	-0.025759773	0.023579454	-0.10891661	-0.011409499	-0.00753267	0.05588527	0.291429812	0.082445255	0.12939374	0.279932052
-0.031805626	-0.1375888575	-0.670080617	-0.4966246595	0.181685757	0.034979537	0.0537798715	0.0547868245	0.1737488765	0.156037072	0.040431449	-0.135596868	0.2887315355	0.2985301755
-0.037813921	-0.184450824	-0.625196217	-0.399393949	0.389131287	0.04637962	0.216476353	0.120983148	0.355030423	0.256188874	-0.210566914	-0.353638991	0.448069331	0.317128299
-0.0054878695	-0.1419088055	-0.3204432015	-0.2328271235	0.4172252995	-0.0026394535	0.2554626735	0.110273957	0.3186409125	0.206827349	-0.028395423	-0.313540458	0.362577683	0.1030420435
0.026838182	-0.099366787	-0.015690186	-0.066260298	0.445319312	-0.051658527	0.294448994	0.099564766	0.282251402	0.157465824	0.153776068	-0.273441925	0.277086035	-0.111044212
0.1847092015	0.0902454115	0.1695051345	0.065853452	0.344461531	-0.1043126515	0.212053494	0.0764266225	0.1494350745	0.10248371	0.287526007	0.0651705385	0.0559014225	-0.001467049
0.342580221	0.27985761	0.354700455	0.197967202	0.24360375	-0.156966776	0.129657994	0.053288479	0.016618747	0.047501596	0.421275946	0.403783002	-0.16528319	0.108110114
0.331132518	0.276361064	0.1836476995	0.064095473	0.012058601	-0.228681891	0.0509846185	0.032105311	-0.203318203	-0.110843165	0.55435675	0.523904224	-0.1411293435	0.3150803075
0.319684815	0.272864518	0.012594944	-0.069776256	-0.219486548	-0.300397006	-0.027688757	0.010922143	-0.423255153	-0.269187926	0.687437554	0.644025446	-0.116975497	0.522050501
0.2973626285	0.2742038025	-0.0135651975	-0.030069865	-0.2466082565	-0.3302047595	-0.126864798	-0.072945442	-0.440195412	-0.3367089385	0.860139099	0.778411848	-0.365425835	0.398497305
0.275040442	0.275543087	-0.039725339	0.009636526	-0.273729965	-0.360012513	-0.226040839	-0.156813027	-0.457135671	-0.404229951	1.032840644	0.91279825	-0.613876173	0.274944109
0.199073337	0.241012586	-0.138424943	-0.005176181	-0.528287449	-0.4950624095	-0.3279065215	-0.2759714795	-0.5162258795	-0.4614869795	0.9616492655	0.8301403085	-0.8024837165	0.082840248
0.123106232	0.206482085	-0.237124547	-0.019988888	-0.782844933	-0.630112306	-0.429772204	-0.395129932	-0.575316088	-0.518744008	0.890457887	0.747482367	-0.99109126	-0.109263613
0.1873872855	0.2684888825	0.124965528	0.197063066	-0.6486612465	-0.5209504825	-0.3322971015	-0.319314503	-0.398919957	-0.341437111	0.838936332	0.745926437	-0.7735602725	0.0902870275
0.251668339	0.33049568	0.487055603	0.41411502	-0.51447756	-0.411788659	-0.234821999	-0.243499074	-0.222523826	-0.164130214	0.787414777	0.744370507	-0.556029285	0.289837668
0.216282829	0.250359417	0.480264173	0.4162144255	-0.3693726385	-0.2284983755	-0.115003594	-0.1444446565	-0.1441085525	-0.082479487	0.74115565	0.6448518875	-0.2482177875	0.295624006
0.180897319	0.170223154	0.473472743	0.418313831	-0.224267717	-0.045208092	0.004814811	-0.045390239	-0.065693279	-0.00082876	0.694896523	0.545333268	0.05959371	0.301410344
0.087700843	0.085863248	0.3810510865	0.305840103	-0.263688443	-0.0110553195	0.0388649175	0.1117793575	0.1040927335	0.1417966515	0.505540855	0.3634051725	0.1332714375	0.4269347475
-0.005495633	0.001503342	0.28862943	0.193366375	-0.303109169	0.023097453	0.072915024	0.268948954	0.273878746	0.284422063	0.316185187	0.181477077	0.206949165	0.552459151
-0.0308021455	-0.045944095	0.18227184	0.118769915	-0.223769215	0.144198557	0.0803397905	0.2330722785	0.264823594	0.2739457595	0.0565420235	0.031806776	0.0629138475	0.713382013
-0.056108658	-0.093391532	0.07591425	0.044173455	-0.144429261	0.265299661	0.087764557	0.197195603	0.255768442	0.263469456	-0.20310114	-0.117863525	-0.08112147	0.874304875
0.0028584295	-0.0324787665	0.1246860015	0.042275328	-0.0463669535	0.320308945	0.0426559705	0.1534349445	0.13183596	0.187996286	-0.18232251	-0.0763548955	-0.1366363515	0.952121448
0.061825517	0.028433999	0.173457753	0.040377201	0.051695354	0.375318229	-0.002452616	0.109674286	0.007903478	0.112523116	-0.16154388	-0.034846266	-0.192151233	1.029938021
0.0037384825	0.0434568025	0.264605538	0.1168891145	0.2018760915	0.5203627895	-0.0712577825	0.10002954	0.085008696	0.153913487	-0.2698083615	0.055260876	-0.070005648	0.913780958
-0.054348552	0.058479606	0.355753323	0.193401028	0.352056829	0.66540735	-0.140062949	0.090384794	0.162113914	0.195303858	-0.378072843	0.145368018	0.052139937	0.797623895
-0.0038113355	0.048050299	0.311011158	0.2169921945	0.205700917	0.5086378495	-0.09039277	0.000703918500000004	0.140603719	0.194508423	-0.103867616	0.2565356165	-0.1965005945	0.237257847
0.046725881	0.037620992	0.266268993	0.240583361	0.059345005	0.351868349	-0.040722591	-0.088976957	0.119093524	0.193712988	0.170337611	0.367703215	-0.445141126	-0.323108201
-0.1034480945	-0.144830094	0.211568165	0.1821011135	-0.007084635	0.1064215275	-0.0746431165	-0.0576287215	0.1724265275	0.238619306	-0.0634968185	0.026859198	-0.425554078	-0.409575914
-0.25362207	-0.32728118	0.156867337	0.123618866	-0.073514275	-0.139025294	-0.108563642	-0.026280486	0.225759531	0.283525624	-0.297331248	-0.313984819	-0.40596703	-0.496043627
-0.2425236185	-0.378674615	0.1761302215	0.02133913	-0.0242277935	-0.020753895	0.0211971265	0.0925488065	0.3521231905	0.370365859	-0.3962972465	-0.4972149085	-0.0712448365	-0.405060714
-0.231425167	-0.43006805	0.195393106	-0.080940606	0.025058688	0.097517504	0.150957895	0.211378099	0.47848685	0.457206094	-0.495263245	-0.680444998	0.263477357	-0.314077801
-0.340499063	-0.420515322	0.00756554850000001	-0.1915797045	0.322545454	0.3561512865	0.2987098415	0.3245485615	0.5319011215	0.4537235645	-0.7184207435	-0.7304251495	0.545501378	-0.5992137945
-0.449572959	-0.410962594	-0.180262009	-0.302218803	0.62003222	0.614785069	0.446461788	0.437719024	0.585315393	0.450241035	-0.941578242	-0.780405301	0.827525399	-0.884349788
-0.3594611805	-0.317029464	-0.0356578305	-0.0744576875	0.4906925675	0.3779777635	0.3440653395	0.2178293135	0.4503964665	0.332599603	-0.923345082	-0.7507826025	0.7087230275	-1.38149468
-0.269349402	-0.223096334	0.108946348	0.153303428	0.361352915	0.141170458	0.241668891	-0.002060397	0.31547754	0.214958171	-0.905111922	-0.721159904	0.589920656	-1.878639572
-0.1119312705	-0.0597632785	0.3717469835	0.4157754035	0.19355701	-0.0882471785	0.0473011025	-0.0934760195	0.121695245	0.0842552475	-0.727059677	-0.592739608	0.54337618	-1.578107842
0.045486861	0.103569777	0.634547619	0.678247379	0.025761105	-0.317664815	-0.147066686	-0.184891642	-0.07208705	-0.046447676	-0.549007432	-0.464319312	0.496831704	-1.277576112
0.0630866225	0.0570394875	0.651174261	0.6669285495	-0.084287646	-0.314050555	-0.2036686355	-0.2584497945	-0.099972858	-0.124349839	-0.5720632485	-0.500856088	0.2988057135	-1.0266739665
0.080686384	0.010509198	0.667800903	0.65560972	-0.194336397	-0.310436295	-0.260270585	-0.332007947	-0.127858666	-0.202252002	-0.595119065	-0.537392864	0.100779723	-0.775771821
0.080746386	0.0344883925	0.575274421	0.4110287395	-0.1299223305	-0.1792518375	-0.061143705	-0.124762443	-0.092417557	-0.2100151885	-0.4581680895	-0.3402627585	0.245270387	-0.3777062945
0.080806388	0.058467587	0.482747939	0.166447759	-0.065508264	-0.04806738	0.137983175	0.082483061	-0.056976448	-0.217778375	-0.321217114	-0.143132653	0.389761051	0.020359232
0.069020905	0.1711643285	0.309452358	-0.04030991	0.1161838595	0.0783869365	0.125885658	0.080105512	-0.023968285	-0.156144742	-0.1492979055	0.066684205	0.176758634	0.151600684
0.057235422	0.28386107	0.136156777	-0.247067579	0.297875983	0.204841253	0.113788141	0.077727963	0.009039878	-0.094511109	0.022621303	0.276501063	-0.036243783	0.282842136
0.054491009	0.2085148865	-0.1384882865	-0.3524112215	0.2574350065	0.125249495	0.152556275	0.084494429	-0.052683129	-0.1248175035	0.0142560485	0.0772111595	-0.288977465	0.223836655
0.051746596	0.133168703	-0.41313335	-0.457754864	0.21699403	0.045657737	0.191324409	0.091260895	-0.114406136	-0.155123898	0.005890794	-0.122078744	-0.541711147	0.164831174
0.0738926755	0.0816836595	-0.455157687	-0.4371992245	0.2092203205	-0.077919094	0.109362375	0.0320749105	-0.156997184	-0.2220382455	-0.011315748	-0.1078593155	-0.561912727	-0.029329374
0.096038755	0.030198616	-0.497182024	-0.416643585	0.201446611	-0.201495925	0.027400341	-0.027111074	-0.199588232	-0.288952593	-0.02852229	-0.093639887	-0.582114307	-0.223489922
0.002780174	-0.0060849835	-0.4759991625	-0.285354528	-0.0269932525	-0.346376919	-0.075159947	-0.1472992035	-0.2695817695	-0.2784819995	-0.080510216	-0.175531894	-0.458316764	-0.309355445
-0.090478407	-0.042368583	-0.454816301	-0.154065471	-0.255433116	-0.491257913	-0.177720235	-0.267487333	-0.339575307	-0.268011406	-0.132498142	-0.257423901	-0.334519221	-0.395220968
-0.0867649755	-0.023235422	-0.5160417695	-0.1597176185	-0.403273343	-0.492647522	-0.1789171675	-0.1970356835	-0.3077827385	-0.188980131	-0.1646555135	-0.2958578785	-0.3240719595	-0.5717710085
-0.083051544	-0.004102261	-0.577267238	-0.165369766	-0.55111357	-0.494037131	-0.1801141	-0.126584034	-0.27599017	-0.109948856	-0.196812885	-0.334291856	-0.313624698	-0.748321049
-0.1139372015	0.015086515	-0.351050671	0.0263102965	-0.3233622355	-0.3170490755	-0.090418184	-0.1204432585	-0.09960447	-0.007975841	-0.1805843695	-0.204613004	-0.17003759	-0.699022499
-0.144822859	0.034275291	-0.124834104	0.217990359	-0.095610901	-0.14006102	-0.000722268	-0.114302483	0.07678123	0.093997174	-0.164355854	-0.074934152	-0.026450482	-0.649723949
-0.0043319615	-0.001274929	-0.0464665245	0.1603393195	-0.009766444	-0.071880153	0.058406248	-0.087967973	0.113894442	0.1323920465	-0.1001423005	-0.1916780395	0.038842593	-0.371779572
0.136158936	-0.036825149	0.031901055	0.10268828	0.076078013	-0.003699286	0.117534764	-0.061633463	0.151007654	0.170786919	-0.035928747	-0.308421927	0.104135668	-0.093835195
0.065235815	-0.0263550575	0.1434405875	0.1493314085	0.2275888545	-0.001126045	0.123552921	-0.039547316	0.036381767	0.0131954785	-0.114418864	-0.285598194	-0.0790651865	-0.004788617
-0.005687306	-0.015884966	0.25498012	0.195974537	0.379099696	0.001447196	0.129571078	-0.017461169	-0.07824412	-0.144395962	-0.192908981	-0.262774461	-0.262266041	0.084257961
-0.0094620035	-0.043658234	0.2351189465	0.1798080865	0.4912523565	0.0318950405	0.1871467415	0.0670162585	-0.081541585	-0.216271275	-0.2629552595	-0.3569159165	-0.3172039655	0.2040085395
-0.013236701	-0.071431502	0.215257773	0.163641636	0.603405017	0.062342885	0.244722405	0.151493686	-0.08483905	-0.288146588	-0.333001538	-0.451057372	-0.37214189	0.323759118
0.0176255625	0.009697005	-0.00427521049999999	0.0781652945	0.5643134495	0.21051495	0.258265146	0.2137956135	-0.059016263	-0.220001698	-0.3163554485	-0.4803888535	-0.441510048	0.443534824
0.048487826	0.090825512	-0.223808194	-0.007311047	0.525221882	0.358687015	0.271807887	0.276097541	-0.033193476	-0.151856808	-0.299709359	-0.509720335	-0.510878206	0.56331053
-0.02930688	-0.0289807775	-0.360550431	-0.036066361	0.607075577	0.499685246	0.242662772	0.2351925815	0.0661064225	-0.057079192	-0.361884493	-0.4623856995	-0.3762748995	0.676495823
-0.107101586	-0.148787067	-0.497292668	-0.064821675	0.688929272	0.640683477	0.213517657	0.194287622	0.165406321	0.037698424	-0.424059627	-0.415051064	-0.241671593	0.789681116
-0.1262263275	-0.1705777815	-0.3700033195	-0.0132608295	0.482809777	0.4794203245	0.091548487	0.0684788845	0.12783316	0.035441194	-0.356100814	-0.229307478	-0.2563859505	0.4992968135
-0.145351069	-0.192368496	-0.242713971	0.038300016	0.276690282	0.318157172	-0.030420683	-0.057329853	0.090259999	0.033183964	-0.288142001	-0.043563892	-0.271100308	0.208912511
-0.2437246135	-0.1290379985	-0.3617249095	-0.1060491735	0.0830929285	0.140817822	-0.120880468	-0.114796325	-0.00338615950000001	-0.019739393	-0.5883830895	-0.315075549	-0.213393714	0.09853989
-0.342098158	-0.065707501	-0.480735848	-0.250398363	-0.110504425	-0.036521528	-0.211340253	-0.172262797	-0.097032318	-0.07266275	-0.888624178	-0.586587206	-0.15568712	-0.011832731
-0.2785032915	-0.1752217695	-0.726508236	-0.3442658615	-0.113759726	-0.009088396	-0.1195070695	-0.033123752	-0.007156543	0.0492233755	-0.818148132	-0.631621258	-0.0614140275	0.146571089
-0.214908425	-0.284736038	-0.972280624	-0.43813336	-0.117015027	0.018344736	-0.027673886	0.106015293	0.082719232	0.171109501	-0.747672086	-0.67665531	0.032859065	0.304974909
-0.17600618	-0.274896714	-0.8661083805	-0.4390517165	-0.1021391605	0.0148721315	0.080584707	0.162036911	0.126538609	0.22853163	-0.583667285	-0.453188167	0.011016731	0.2060829855
-0.137103935	-0.26505739	-0.759936137	-0.439970073	-0.087263294	0.011399527	0.1888433	0.218058529	0.170357986	0.285953759	-0.419662484	-0.229721024	-0.010825603	0.107191062
-0.1619742815	-0.23085913	-0.570479057	-0.393110174	-0.0708311455	0.095571242	0.1138711775	0.153509739	0.224334079	0.3168107385	-0.3411633915	-0.128791497	0.1554628055	-0.0204858255
-0.186844628	-0.19666087	-0.381021977	-0.346250275	-0.054398997	0.179742957	0.038899055	0.088960949	0.278310172	0.347667718	-0.262664299	-0.02786197	0.321751214	-0.148162713
-0.023984572	-0.096242684	-0.377622239	-0.2963328925	-0.0563318135	0.190089158	0.074960766	0.117690934	0.184990338	0.353315379	-0.101155894	0.200576405	0.4588062385	-0.01237569
0.138875484	0.004175502	-0.374222501	-0.24641551	-0.05826463	0.200435359	0.111022477	0.146420919	0.091670504	0.35896304	0.060352511	0.42901478	0.595861263	0.123411333
0.00248204049999999	0.039023281	-0.477645897	-0.358587329	-0.1880718815	0.1628660125	0.0267440305	0.0546135935	-0.018979272	0.166139216	0.1276713665	0.530755381	0.341818747	0.0361355155
-0.133911403	0.07387106	-0.581069293	-0.470759148	-0.317879133	0.125296666	-0.057534416	-0.037193732	-0.129629048	-0.026684608	0.194990222	0.632495982	0.087776231	-0.051140302
0.007977822	0.190859224	-0.5355274815	-0.381397051	-0.454211271	-0.042496696	-0.1552812235	-0.1460241195	-0.217891754	-0.1114405605	0.427329962	0.781471317	-0.0803728435	-0.059000245
0.149867047	0.307847388	-0.48998567	-0.292034954	-0.590543409	-0.210290058	-0.253028031	-0.254854507	-0.30615446	-0.196196513	0.659669702	0.930446652	-0.248521918	-0.066860188
0.1465408935	0.2468368205	-0.18486639	0.037085505	-0.746032402	-0.400795205	-0.336627396	-0.265220477	-0.267406698	-0.204770119	0.6354554715	0.6786326845	-0.178200338	-0.049800654
0.14321474	0.185826253	0.12025289	0.366205964	-0.901521395	-0.591300352	-0.420226761	-0.275586447	-0.228658936	-0.213343725	0.611241241	0.426818717	-0.107878758	-0.03274112
0.092236242	0.1782977595	0.3374598385	0.446542426	-0.7913778945	-0.558512439	-0.4535571925	-0.3333831885	-0.162120936	-0.1215361165	0.5908561295	0.3331461755	-0.1030827315	0.0425242605
0.041257744	0.170769266	0.554666787	0.526878888	-0.681234394	-0.525724526	-0.486887624	-0.39117993	-0.095582936	-0.029728508	0.570471018	0.239473634	-0.098286705	0.117789641
0.06716924	0.044037116	0.513716417	0.2978951605	-0.645762276	-0.492257324	-0.4203016755	-0.3187980135	-0.1396918845	-0.065717058	0.526504436	0.179034624	-0.2523835565	0.1102134875
0.093080736	-0.082695034	0.472766047	0.068911433	-0.610290158	-0.458790122	-0.353715727	-0.246416097	-0.183800833	-0.101705608	0.482537854	0.118595614	-0.406480408	0.102637334
0.0989857435	-0.013260159	0.614174591	0.172337699	-0.5370191895	-0.3081194225	-0.307825934	-0.221387172	-0.1763753255	-0.1103175925	0.566472003	0.3282429445	-0.0845756745	0.380298695
0.104890751	0.056174716	0.755583135	0.275763965	-0.463748221	-0.157448723	-0.261936141	-0.196358247	-0.168949818	-0.118929577	0.650406152	0.537890275	0.237329059	0.657960056
0.0835905485	0.058865311	0.706261891	0.246932449	-0.529414813	-0.192678561	-0.2325988805	-0.150323309	-0.1502405475	-0.1400646835	0.5707428455	0.531560831	0.3856721715	0.5249512035
0.062290346	0.061555906	0.656940647	0.218100933	-0.595081405	-0.227908399	-0.20326162	-0.104288371	-0.131531277	-0.16119979	0.491079539	0.525231387	0.534015284	0.391942351
0.0034593995	0.040692744	0.5713059505	0.317165472	-0.335396155	-0.114722375	-0.094565651	-0.0158876475	-0.0337105045	-0.1400886535	0.5631755065	0.6692511135	0.668220317	0.395412099
-0.055371547	0.019829582	0.485671254	0.416230011	-0.075710905	-0.001536351	0.014130318	0.072513076	0.064110268	-0.118977517	0.635271474	0.81327084	0.80242535	0.398881847
0.05619916	0.098292996	0.4448173445	0.295742146	0.00187542750000001	0.09189807	0.0785634205	0.088592455	0.0034130005	-0.096584711	0.7936273985	0.89735324	0.944269001	0.466937374
0.167769867	0.17675641	0.403963435	0.175254281	0.07946176	0.185332491	0.142996523	0.104671834	-0.057284267	-0.074191905	0.951983323	0.98143564	1.086112652	0.534992901
0.3337389365	0.231561427	0.5120234555	0.0645625835	0.086858771	0.0738720255	0.044965705	0.00156779100000001	-0.132898902	-0.1164743255	1.140287755	1.0894124815	1.026359786	0.381321789
0.499708006	0.286366444	0.620083476	-0.046129114	0.094255782	-0.03758844	-0.053065113	-0.101536252	-0.208513537	-0.158756746	1.328592187	1.197389323	0.96660692	0.227650677
0.5771947845	0.364508241	0.7523616035	0.036071646	0.1729608225	0.074156683	-0.114409505	-0.1103487715	-0.1414342275	-0.1137479465	1.5308615075	1.3218534535	1.025586116	0.459377492
0.654681563	0.442650038	0.884639731	0.118272406	0.251665863	0.185901806	-0.175753897	-0.119161291	-0.074354918	-0.068739147	1.733130828	1.446317584	1.084565312	0.691104307
0.6345015475	0.405543146	1.0344171035	0.163241857	0.4587907115	0.290531439	0.0355374875	0.1244935365	0.0863070555	0.0889348055	1.7915898665	1.359625394	1.001335676	0.867320661
0.614321532	0.368436254	1.184194476	0.208211308	0.66591556	0.395161072	0.246828872	0.368148364	0.246969029	0.246608758	1.850048905	1.272933204	0.91810604	1.043537015
0.517960562	0.2638869835	1.2814834175	0.2913975875	0.851688767	0.390707217	0.353806185	0.462919243	0.32922103	0.277337096	1.7299168985	0.993144454	0.618495335	0.918844396
