C-RTPJ	C-LTPJ	C-PC	C-DMPFC	C-MMPFC	C-VMPFC
0.306571146713034	0.286313040958952	-0.302674433468386	0.345500759946152	0.16472546435214	-0.216830301003193
0.208624331565639	0.152491012692747	-0.322016271091016	0.281857302236164	0.238549539534427	-0.0583235462674365
0.110677516418245	0.0186689844265415	-0.341358108713647	0.218213844526175	0.312373614716714	0.10018320846832
0.0771465220118892	-0.0234226897085055	-0.179947003088369	0.232347644701601	0.33201278972741	0.0276061374398295
0.0436155276055335	-0.0655143638435526	-0.0185358974630911	0.246481444877027	0.351651964738107	-0.0449709335886611
0.00577852237692	-0.0219949570895198	0.19425826722789	0.332871199128012	0.40027759978947	0.0699703300296435
-0.0320584828516935	0.0215244496645129	0.407052431918872	0.419260953378997	0.448903234840832	0.184911593647948
-0.00412102445248895	0.0678252292199985	0.35813872066021	0.295047909829212	0.33433236820275	0.138560258373126
0.0238164339467156	0.114126008775484	0.309225009401547	0.170834866279427	0.219761501564668	0.0922089230983049
0.0654131784975568	0.101178682551932	0.294992804701781	0.0362740264992723	0.174062283900451	0.04056914577224
0.107009923048398	0.0882313563283802	0.280760600002015	-0.0982868132808825	0.128363066236234	-0.0110706315538249
0.0419241088319442	0.117794149785788	0.252200581140511	0.107571009251797	0.139622507835952	0.0240856194163106
-0.0231617053845097	0.147356943243196	0.223640562279007	0.313428831784477	0.150881949435671	0.0592418703864461
-0.0521488559388995	0.103220457629608	0.176565829997502	0.321709403233891	0.185261267142077	0.140763039259329
-0.0811360064932892	0.0590839720160194	0.129491097715997	0.329989974683304	0.219640584848484	0.222284208132212
-0.0497974629669977	0.0395419669647495	0.123561872477223	0.238465724928866	0.165027284376918	0.243918970329414
-0.0184589194407063	0.0199999619134796	0.11763264723845	0.146941475174428	0.110413983905353	0.265553732526615
-0.0139001013751139	0.0042702588335825	0.0228270452843589	0.0457906316986772	0.0734654746249547	0.202679154650551
-0.00934128330952149	-0.0114594442463146	-0.0719785566697323	-0.0553602117770735	0.0365169653445565	0.139804576774486
0.0011662405358675	-0.025217196751789	-0.0867315973392266	-0.0361764386086462	-0.189077622125018	0.074950816124934
0.0116737643812565	-0.0389749492572634	-0.101484638008721	-0.0169926654402188	-0.414672209594593	0.0100970554753821
-0.0401123989432097	-0.0869094539647647	-0.161214311868495	0.036486938332118	-0.388989609727046	-0.0266016213773477
-0.091898562267676	-0.134843958672266	-0.220943985728269	0.0899665421044548	-0.3633070098595	-0.0633002982300775
-0.172312690014573	-0.144626117176998	-0.091590353081233	0.0617797072678247	-0.232550348893118	0.0177992248854958
-0.252726817761471	-0.15440827568173	0.037763279565803	0.0335928724311945	-0.101793687926737	0.0988987480010692
-0.271472314022091	-0.132813236699194	0.150306815171159	0.0509423949579623	0.04668553059621	0.158121884425651
-0.290217810282712	-0.111218197716658	0.262850350776515	0.06829191748473	0.195164749119157	0.217345020850232
-0.238557284150513	-0.125741851293087	0.249724022517287	0.192641215420713	0.258333273804816	0.162771425238292
-0.186896758018315	-0.140265504869515	0.236597694258059	0.316990513356697	0.321501798490475	0.108197829626353
-0.172494542899423	-0.144363057575666	0.216132420602092	0.0192994279932125	0.163182849277389	0.0687415372165415
-0.15809232778053	-0.148460610281817	0.195667146946125	-0.278391657370272	0.0048639000643033	0.0292852448067299
-0.0979167752091678	-0.118030331161531	0.145206277784231	-0.237390168911716	-0.0460112690998668	0.0749658656244755
-0.0377412226378056	-0.0876000520412454	0.0947454086223369	-0.19638868045316	-0.0968864382640369	0.120646486442221
-0.0767000870101348	-0.0104319816198561	0.0695473860884362	-0.234669008872858	0.00429059594961705	0.110167281721102
-0.115658951382464	0.0667360888015331	0.0443493635545355	-0.272949337292557	0.105467630163271	0.0996880769999824
-0.0288495495019852	0.101968088092622	-0.101252901357215	-0.326432037502411	0.045410055642902	-0.0193648920522418
0.0579598523784937	0.137200087383711	-0.246855166268966	-0.379914737712265	-0.0146475188774671	-0.138417861104466
0.0486166367764709	0.0875999133946487	-0.404698911821845	-0.268829181430232	-0.0920498226569425	-0.181595146092234
0.0392734211744482	0.0379997394055864	-0.562542657374724	-0.1577436251482	-0.169452126436418	-0.224772431080002
0.0748841668297201	0.101812872487273	-0.524568211773545	-0.176321640012354	-0.204264293787088	-0.13428262429018
0.110494912484992	0.16562600556896	-0.486593766172366	-0.194899654876508	-0.239076461137759	-0.0437928175003576
0.123910638292972	0.19427782879405	-0.580826641160489	-0.294543435508483	-0.194746131666979	-0.124001873708082
0.137326364100952	0.222929652019139	-0.675059516148612	-0.394187216140459	-0.1504158021962	-0.204210929915806
0.0546146952897106	0.0959150375182807	-0.670744451620724	-0.438400970545448	-0.143948594479119	-0.163537339318565
-0.0280969735215308	-0.0310995769825776	-0.666429387092836	-0.482614724950437	-0.137481386762038	-0.122863748721323
-0.0028142660516185	-0.0529029690883215	-0.529349416398473	-0.411717163347402	-0.185409632669284	-0.0047818584953445
0.0224684414182938	-0.0747063611940654	-0.39226944570411	-0.340819601744368	-0.233337878576529	0.113300031730634
0.0181937605189947	-0.0203840994484239	-0.252807484908633	-0.315857184977846	-0.375805885922602	-0.0263276255508775
0.0139190796196956	0.0339381622972176	-0.113345524113156	-0.290894768211325	-0.518273893268675	-0.165955282832389
-0.0434840742323172	0.0594250296710218	0.0699622446188035	-0.23853495085934	-0.334656441686438	-0.133217115382587
-0.10088722808433	0.084911897044826	0.253270013350763	-0.186175133507355	-0.151038990104201	-0.100478947932784
-0.0971062454302024	0.0385191516230505	0.37790302762995	-0.164299778908189	-0.0719183569072669	0.043102625335277
-0.0933252627760748	-0.00787359379872503	0.502536041909136	-0.142424424309022	0.00720227628966714	0.186684198603338
0.0193798724927076	0.056062284567753	0.482152934904735	0.0153620447675965	0.159180489308119	0.247397753179665
0.13208500776149	0.119998162934231	0.461769827900334	0.173148513844215	0.311158702326571	0.308111307755991
0.0926822970841972	0.0171525644146438	0.322783960030427	0.172998276111687	0.28906158475346	0.292115819330443
0.0532795864069045	-0.0856930341049433	0.183798092160519	0.172848038379159	0.26696446718035	0.276120330904895
-0.0122524641375402	-0.0773502544596223	0.096661945168529	0.285946267531437	0.214455949845869	0.263748891740489
-0.0777845146819849	-0.0690074748143014	0.00952579817653902	0.399044496683716	0.161947432511388	0.251377452576083
-0.0409358173250164	-0.00889741982270675	0.00270711535991202	0.348340973993353	0.304651933211516	0.37889644593764
-0.00408711996804784	0.0512126351688879	-0.00411156745671498	0.297637451302989	0.447356433911643	0.506415439299198
-0.0262915386413686	0.0635297203959415	-0.0322742611793394	0.237026204033317	0.353166225488825	0.396205987573143
-0.0484959573146893	0.075846805622995	-0.0604369549019639	0.176414956763645	0.258976017066008	0.285996535847087
0.0045198058385344	0.0427207757272695	-0.0672301129526695	0.0631850355035782	0.0954459681867474	0.189532131681047
0.0575355689917581	0.00959474583154398	-0.0740232710033751	-0.0500448857564887	-0.0680840806925132	0.0930677275150072
0.0689239941941008	-0.093404963162116	-0.000686343517718298	-0.0697811931060607	-0.0863455061988781	-0.0376154674040169
0.0803124193964436	-0.196404672155776	0.0726505839679385	-0.0895175004556326	-0.104606931705243	-0.168298662323041
0.0540705253030812	-0.152102688235937	0.0777084388422573	-0.0524364095297284	-0.064596506508719	-0.182616615669776
0.0278286312097188	-0.107800704316097	0.082766293716576	-0.0153553186038242	-0.024586081312195	-0.196934569016511
0.0121316975162539	-0.0516754827707028	0.0167577669736766	0.0102756422475031	-0.0370253698894911	-0.197021221397667
-0.00356523617721106	0.00444973877469147	-0.0492507597692228	0.0359066030988304	-0.0494646584667871	-0.197107873778824
-0.061114612693296	-0.173899466359863	-0.0123420006876565	0.0387355663041603	-0.0161254444681352	-0.0991501584626893
-0.118663989209381	-0.352248671494418	0.0245667583939099	0.0415645295094902	0.0172137695305167	-0.00119244314655458
-0.0960719723241163	-0.301000507713047	-0.0470864545552436	-0.0535021799697609	-0.0672363178292432	-0.0927475466211808
-0.0734799554388516	-0.249752343931676	-0.118739667504397	-0.148568889449012	-0.151686405189003	-0.184302650095807
-0.0474111044579049	-0.0929102843761937	-0.0666159785553962	-0.132753416460441	-0.117926541766386	-0.230174082537416
-0.0213422534769583	0.0639317751792886	-0.0144922896063953	-0.11693794347187	-0.0841666783437692	-0.276045514979025
-0.0049402359064684	0.0687975632034157	0.0989404782834039	-0.0741352988150459	-0.0195818239223809	-0.246750500258102
0.0114617816640215	0.0736633512275427	0.212373246173203	-0.0313326541582219	0.0450030304990075	-0.217455485537178
0.0157888498645847	0.0174580757498036	0.231300514646481	0.0086211172993684	0.053101199396492	-0.137184752255839
0.0201159180651479	-0.0387471997279355	0.25022778311976	0.0485748887569587	0.0611993682939764	-0.0569140189744998
-0.0042129300046357	-0.0513659834476368	0.199520583226726	-0.020540402248832	0.0450856280821598	-0.0950551847301479
-0.0285417780744193	-0.0639847671673381	0.148813383333691	-0.0896556932546227	0.0289718878703431	-0.133196350485796
0.0279725089232811	0.0126516966439449	0.115844695726071	-0.0341162747123853	0.0173417131695926	-0.158834631164285
0.0844867959209814	0.089288160455228	0.0828760081184519	0.0214231438298521	0.00571153846884211	-0.184472911842773
-0.00325534806775285	0.0793381897896085	0.0356216969673453	0.119061309250637	0.0514049644948857	-0.166788006309038
-0.0909974920564871	0.0693882191239889	-0.0116326141837613	0.216699474671421	0.0970983905209292	-0.149103100775303
-0.0665812989094119	0.138760207547502	0.0865022553318048	0.25305899709828	0.105992871793339	0.0383169624461905
-0.0421651057623368	0.208132195971015	0.184637124847371	0.289418519525139	0.114887353065749	0.225737025667684
-0.0278309721321807	0.189012564544234	0.0851150179405572	0.345900987727168	0.158844773542416	0.110753711206246
-0.0134968385020247	0.169892933117453	-0.0144070889662566	0.402383455929197	0.202802194019084	-0.00422960325519144
0.0851117796540531	0.24523532439743	-0.117509331210998	0.38101326643012	0.115977721739319	0.0130747609431692
0.183720397810131	0.320577715677406	-0.220611573455739	0.359643076931043	0.0291532494595542	0.0303791251415298
0.108639149116042	0.254345486357607	-0.289749961813493	0.403835620617818	-0.0272676626326727	-0.0348133524593741
0.0335579004219524	0.188113257037808	-0.358888350171248	0.448028164304593	-0.0836885747248995	-0.100005830060278
0.0492550970279974	0.129935095624981	-0.390154996376045	0.298687762181078	-0.0487647428775996	-0.178814036425933
0.0649522936340424	0.0717569342121549	-0.421421642580842	0.149347360057562	-0.0138409110302997	-0.257622242791587
0.126097724802069	0.106994844755427	-0.286783228666733	-0.085097059886447	-0.177392975906299	-0.241136259961664
0.187243155970095	0.1422327552987	-0.152144814752623	-0.319541479830456	-0.340945040782299	-0.224650277131741
0.167279844213438	0.062941109826023	0.095386544421618	-0.271637902464161	-0.309522195449357	-0.125029471584226
0.147316532456781	-0.016350535646654	0.342917903595859	-0.223734325097865	-0.278099350116416	-0.0254086660367115
0.0577264728486706	-0.139949889235654	0.481812763008158	-0.0955552318353446	-0.129333126773263	0.0942171405861573
-0.0318635867594397	-0.263549242824655	0.620707622420458	0.0326238614271758	0.01943309656989	0.213842947209026
-0.0990847558911714	-0.368998471861459	0.628549246687455	-0.10975921407414	0.00971902473755458	0.161927865320769
-0.166305925022903	-0.474447700898263	0.636390870954452	-0.252142289575455	4.95290521916658e-06	0.110012783432512
-0.105837634570583	-0.385885729097694	0.553160730223658	-0.154887599269398	0.0396717402964683	0.136331350394555
-0.0453693441182631	-0.297323757297125	0.469930589492863	-0.0576329089633406	0.0793385276877175	0.162649917356598
-0.0539999494643656	-0.206966208498297	0.298200091173311	0.0099226413846208	-0.0021464011619065	0.0766959883584388
-0.0626305548104681	-0.11660865969947	0.12646959285376	0.0774781917325822	-0.0836313300115305	-0.0092579406397205
-0.0366170475369898	-0.0558451507970704	-0.0297549202462155	0.000417331939929155	-0.0266265104174946	-0.0416271040018647
-0.0106035402635115	0.0049183581053292	-0.185979433346191	-0.0766435278527239	0.0303783091765412	-0.0739962673640088
0.0473160190681167	0.124248106475387	-0.2102553219603	0.125663006829948	-0.0494130430524704	-0.134558296270854
0.105235578399745	0.243577854845445	-0.234531210574409	0.327969541512619	-0.129204395281482	-0.195120325177699
0.0676175874234968	0.156100453515885	-0.339648007324372	0.176534182936963	-0.0905163867807113	-0.168012252975664
0.0299995964472486	0.0686230521863254	-0.444764804074334	0.0250988243613064	-0.0518283782799406	-0.140904180773628
0.0742054160933408	0.0422519499768513	-0.49299343312656	0.0188236533492707	0.0159235910709636	0.0330863371584085
0.118411235739433	0.0158808477673772	-0.541222062178785	0.012548482337235	0.0836755604218679	0.207076855090445
0.133770706227544	0.122918859520942	-0.574653796199918	0.055254439366061	0.168251741995711	0.255976805859934
0.149130176715654	0.229956871274506	-0.60808553022105	0.0979603963948869	0.252827923569555	0.304876756629424
0.121896240693133	0.180132124690156	-0.511980045063078	-0.0350415206447496	0.194891926625014	0.210316796309906
0.0946623046706116	0.130307378105806	-0.415874559905106	-0.168043437684386	0.136955929680472	0.115756835990389
0.0114570074967859	0.010891956153185	-0.24925799553133	-0.126747631193344	0.18239407810636	0.106637242712801
-0.0717482896770398	-0.108523465799436	-0.0826414311575543	-0.0854518247023018	0.227832226532249	0.0975176494352123
-0.0977081472597224	-0.11999084091227	0.104052049535655	-0.028584684039204	0.163615826173106	0.0398662651033694
-0.123668004842405	-0.131458216025104	0.290745530228864	0.0282824566238938	0.0993994258139622	-0.0177851192284734
-0.138688858851447	-0.0625581242881335	0.32738280120342	-0.0356604748324124	0.0473907591472462	-0.0012889844109564
-0.15370971286049	0.00634196744883704	0.364020072177975	-0.0996034062887186	-0.00461790751946982	0.0152071504065606
-0.0716749336163359	0.0410636992819619	0.326303980066367	-0.107860184791585	-0.0108798514480819	0.122439842723125
0.0103598456278182	0.0757854311150867	0.288587887954759	-0.116116963294451	-0.0171417953766939	0.229672535039689
0.0668854402312116	0.111517062690658	0.254563841046998	0.0259049851578985	0.139785061409046	0.328351938584474
0.123411034834605	0.14724869426623	0.220539794139237	0.167926933610248	0.296711918194785	0.427031342129259
0.0564537653293911	0.155296768572994	0.100774811046184	0.109857077992418	0.285070862251305	0.422817779657002
-0.0105035041758229	0.163344842879757	-0.0189901720468687	0.0517872223745879	0.273429806307825	0.418604217184745
-0.0416990618192394	0.143866689310652	-0.00586968121910226	0.0981081361279425	0.273737800086044	0.43481867456491
-0.072894619462656	0.124388535741547	0.00725080960866418	0.144429049881297	0.274045793864264	0.451033131945075
-0.0409350316736112	0.070254704511524	0.0755776848815096	0.118060803107228	0.184331418620362	0.186500190575414
-0.00897544388456644	0.016120873281501	0.143904560154355	0.0916925563331587	0.0946170433764594	-0.0780327507942466
0.00714469569626108	0.0368743126274571	0.233681237399727	0.0673996443412661	-0.0469288540529833	-0.157289466950209
0.0232648352770886	0.0576277519734132	0.323457914645099	0.0431067323493736	-0.188474751482426	-0.236546183106172
-0.0730042203090937	-0.0334152750009454	0.190617234329912	-0.0687698843283057	-0.308766054111613	-0.281484300354379
-0.169273275895276	-0.124458301975304	0.0577765540147241	-0.180646501005985	-0.4290573567408	-0.326422417602586
-0.175592080743079	-0.076612498473656	-0.121560429453674	-0.193235122111432	-0.462882490130492	-0.220102340864972
-0.181910885590883	-0.0287666949720081	-0.300897412922073	-0.205823743216878	-0.496707623520184	-0.113782264127358
-0.14208217343078	-0.108858876860276	-0.375934451100525	-0.253277891525027	-0.391778810703147	-0.101021823769517
-0.102253461270676	-0.188951058748543	-0.450971489278978	-0.300732039833176	-0.286849997886111	-0.0882613834116761
-0.0391996661143449	-0.1046524803938	-0.354959720657867	-0.217209098919165	-0.131433539034606	-0.100227292117799
0.0238541290419862	-0.0203539020390567	-0.258947952036755	-0.133686158005154	0.0239829198168987	-0.112193200823921
0.0109405820944626	-0.0464095387591188	-0.212845821624247	-0.179068700648837	0.0296444211669031	-0.0656239058543592
-0.00197296485306108	-0.072465175479181	-0.166743691211739	-0.224451243292519	0.0353059225169076	-0.0190546108847974
-0.0600877161422345	-0.133614576668794	-0.120438691021503	-0.207682219248879	0.0446592431445193	-0.0853804079551522
-0.118202467431408	-0.194763977858407	-0.0741336908312669	-0.190913195205238	0.054012563772131	-0.151706205025507
-0.0729489725239003	-0.150138512838243	-0.093722399327448	-0.305521803318257	-0.064150843675856	-0.202238142954793
-0.0276954776163926	-0.105513047818078	-0.113311107823629	-0.420130411431275	-0.182314251123843	-0.25277008088408
0.0302140018857264	-0.0868836115373012	-0.0849100213098861	-0.328198586447847	-0.106888874011328	-0.171419113036909
0.0881234813878455	-0.0682541752565244	-0.0565089347961432	-0.23626676146442	-0.0314634968988123	-0.0900681451897381
0.078990474242301	-0.032040192940752	-0.0560846725484086	-0.0714959911174146	0.133527083960409	-0.0382101903827144
0.0698574670967565	0.00417378937502036	-0.0556604103006741	0.0932747792295908	0.298517664819631	0.0136477644243092
0.0066141188417918	-0.0424106228622162	0.0331546030239585	0.135463932625591	0.241541906351808	0.119384577677946
-0.0566292294131729	-0.0889950350994528	0.121969616348591	0.177653086021591	0.184566147883985	0.225121390931582
-0.0457627978333007	-0.186317060698108	0.137959795408218	0.111106417238786	0.0512466145825963	0.143486977159157
-0.0348963662534284	-0.283639086296763	0.153949974467845	0.0445597484559803	-0.0820729187187925	0.0618525633867317
-0.100942567188088	-0.272870256999077	0.131013218140189	-0.0335471774586839	-0.195419340536799	-0.16439423713208
-0.166988768122748	-0.26210142770139	0.108076461812533	-0.111654103373348	-0.308765762354805	-0.390641037650892
-0.128406804825358	-0.172987228809441	0.00864202126585355	-0.16198911302944	-0.256279779244196	-0.361244778540509
-0.0898248415279684	-0.0838730299174911	-0.0907924192808259	-0.212324122685533	-0.203793796133587	-0.331848519430126
-0.103175115532484	-0.0755527806270064	-0.15887944454163	-0.237149684126599	-0.12130639130053	-0.312100930896707
-0.116525389536999	-0.0672325313365217	-0.226966469802435	-0.261975245567666	-0.0388189864674731	-0.292353342363288
-0.0517181420978456	-0.00729674812270135	-0.146881684166321	-0.0968482482369467	-0.0726988088100221	-0.244519257208985
0.0130891053413077	0.052639035091119	-0.0667968985302066	0.0682787490937726	-0.106578631152571	-0.196685172054681
0.11172747172059	0.177773830141161	-0.116527124368636	0.0917197043310733	-0.133648905171718	-0.146989063441928
0.210365838099872	0.302908625191204	-0.166257350207065	0.115160659568374	-0.160719179190865	-0.0972929548291744
0.186094798823751	0.280305343795871	-0.169125009754739	0.0907335724444745	-0.129496313860398	-0.118304892687354
0.161823759547629	0.257702062400539	-0.171992669302413	0.066306485320575	-0.09827344852993	-0.139316830545534
0.0764784698977325	0.192950023453848	-0.0861963182319369	0.0448228676174273	-0.100576651097297	-0.221231053349857
-0.00886681975216407	0.128197984507157	-0.000399967161460906	0.0233392499142797	-0.102879853664665	-0.303145276154179
0.00598668264746571	0.0604740774414777	0.130221564613666	0.0803275442591344	-0.0926649881434242	-0.169767966351002
0.0208401850470955	-0.00724982962420163	0.260843096388792	0.137315838603989	-0.0824501226221834	-0.0363906565478241
-0.00341656034137095	-0.0169319633713021	0.261513555218319	0.309449752057266	-0.00456968541738885	0.0902057318883235
-0.0276733057298374	-0.0266140971184026	0.262184014047846	0.481583665510543	0.0733107517874057	0.216802120324471
0.0526595535837428	-0.0713214127863473	0.324486386140874	0.393807436589899	0.0846617541195754	0.243802201963496
0.132992412897323	-0.116028728454292	0.386788758233902	0.306031207669255	0.0960127564517451	0.270802283602521
0.133111899598945	-0.0224642596373598	0.290679597160762	0.146046359296217	-0.0868814842340229	0.132770976138843
0.133231386300568	0.0711002091795725	0.194570436087622	-0.0139384890768201	-0.269775724919791	-0.00526033132483464
0.122814346530297	0.181101198837095	0.162651647290436	0.0264680449010937	-0.181454281967805	0.0481076688731352
0.112397306760027	0.291102188494617	0.13073285849325	0.0668745788790075	-0.0931328390158199	0.101475669071105
0.118222921326385	0.281656316993063	0.0793692567386647	0.0005235271018659	-0.0181060377028701	0.0261074320700473
0.124048535892742	0.272210445491509	0.0280056549840793	-0.0658275246752757	0.0569207636100797	-0.0492608049310104
0.100289818795327	0.217004236489923	0.0773836904691862	0.0217007740049652	0.057153960034612	0.158300834742875
0.0765311016979127	0.161798027488336	0.126761725954293	0.109229072685206	0.0573871564591443	0.36586247441676
0.0933107740804618	0.0875262292059533	0.246290249737944	0.193475983462408	0.208246783661833	0.258601662022184
0.110090446463011	0.0132544309235706	0.365818773521595	0.277722894239611	0.359106410864522	0.151340849627609
0.0859982762344181	0.0106092926033377	0.272532789624209	0.301624347074532	0.494323888539109	0.239427478292138
0.0619061060058251	0.00796415428310474	0.179246805726824	0.325525799909452	0.629541366213696	0.327514106956666
0.087364933061047	0.0316582131103596	0.158862538531686	0.302143142096032	0.656656883830032	0.408936748027575
0.112823760116269	0.0553522719376145	0.138478271336549	0.278760484282611	0.683772401446368	0.490359389098483
0.112376139546986	0.0464595624417037	0.160025304517528	0.322022423812659	0.580664194832456	0.48517433966506
0.111928518977703	0.0375668529457929	0.181572337698507	0.365284363342708	0.477555988218544	0.479989290231636
0.101037124575881	0.0443433179545547	0.210392642779304	0.197445956919156	0.3240258497796	0.330538460822776
0.0901457301740585	0.0511197829633165	0.2392129478601	0.029607550495604	0.170495711340657	0.181087631413916
0.0894396422157282	0.0253292521647413	0.134458992294878	0.082316268020873	0.213874964994243	0.0946122686597019
0.0887335542573979	-0.000461278633833836	0.0297050367296551	0.135024985546142	0.25725421864783	0.00813690590548778
0.0129097855679781	-0.00296692322363778	0.0387583947165731	0.0478619608409204	0.144138849027301	0.0171502599782314
-0.0629139831214417	-0.00547256781344172	0.047811752703491	-0.0393010638643013	0.0310234794067717	0.026163614050975
-0.00587715146472685	-0.0698969482813004	0.0707419164160832	0.0479965193204749	0.140230275425064	0.103291311725553
0.051159680191988	-0.134321328749159	0.0936720801286754	0.135294102505251	0.249437071443357	0.180419009400131
0.0197916120028949	-0.173894562213695	0.0757704791521306	0.0948248318488034	0.164219943981989	0.0751287404166571
-0.0115764561861982	-0.213467795678232	0.0578688781755858	0.0543555611923557	0.0790028165206218	-0.0301615285668168
-0.123217814724914	-0.248237986795525	0.0152061557354177	0.130173352973858	0.0365201828387886	-0.0686439640597529
-0.23485917326363	-0.283008177912817	-0.0274565667047504	0.205991144755361	-0.00596245084304455	-0.107126399552689
-0.236259594788851	-0.271347301975639	-0.206573434441135	-0.05773083489738	-0.174550382024447	-0.197819995187049
-0.237660016314071	-0.259686426038462	-0.38569030217752	-0.321452814550121	-0.34313831320585	-0.288513590821409
-0.262730256956928	-0.138297803092281	-0.469780032289631	-0.29911957922701	-0.403609980866193	-0.385145960267792
-0.287800497599785	-0.0169091801460995	-0.553869762401741	-0.276786343903899	-0.464081648526537	-0.481778329714176
-0.141999549828088	0.0579235916146602	-0.648767857900599	-0.312905163000577	-0.406471780103526	-0.323625183044855
0.00380139794360962	0.13275636337542	-0.743665953399457	-0.349023982097255	-0.348861911680516	-0.165472036375535
-0.0493729440482467	0.147257877827349	-0.687865178209969	-0.401058402905432	-0.286760079250518	-0.214992182361208
-0.102547286040103	0.161759392279277	-0.632064403020481	-0.453092823713609	-0.224658246820521	-0.264512328346881
-0.0681529901338612	0.0902865201957872	-0.459409645489512	-0.159380209730642	-0.14512513593242	-0.108224800997276
-0.0337586942276193	0.0188136481122974	-0.286754887958544	0.134332404252325	-0.0655920250443197	0.048062726352329
-0.0879010470742062	0.0120194398353607	-0.220089637537647	0.010160338333835	-0.141768850299946	0.0428568931429649
-0.142043399920793	0.00522523155842393	-0.15342438711675	-0.114011727584655	-0.217945675555572	0.0376510599336008
-0.0747309474314325	0.00344462186959668	-0.0882496001194061	-0.228592228756451	-0.10646812339718	-0.0375216436572531
-0.00741849494207195	0.00166401218076943	-0.0230748131220623	-0.343172729928248	0.00500942876121139	-0.112694347248107
0.0226978557860441	0.0485629544733544	0.0223140604064239	-0.187855030668931	0.0396793169392879	-0.16277802350446
0.0528142065141601	0.0954618967659394	0.0677029339349101	-0.032537331409613	0.0743492051173645	-0.212861699760814
-0.0105011520596661	0.0444451518657651	0.097745201942583	-0.0137728445965302	0.0157465474617181	-0.18717886495167
-0.0738165106334922	-0.00657159303440913	0.127787469950256	0.00499164221655268	-0.0428561101939282	-0.161496030142526
-0.0789372308532582	-0.0447983450543647	0.143085424378971	0.0220432550479635	-0.105356294231133	-0.140606436208754
-0.0840579510730242	-0.0830250970743202	0.158383378807686	0.0390948678793744	-0.167856478268337	-0.119716842274981
-0.128456267174876	-0.124460977252698	-0.018098786794073	-0.176152760120646	-0.337429751322023	-0.117138105974967
-0.172854583276727	-0.165896857431076	-0.194580952395832	-0.391400388120667	-0.50700302437571	-0.114559369674952
-0.18579282663925	-0.148729772542302	-0.369102541623173	-0.327208955518225	-0.470960752691666	-0.0916125465155647
-0.198731070001772	-0.131562687653528	-0.543624130850514	-0.263017522915783	-0.434918481007622	-0.0686657233561774
-0.186256839590379	-0.138605536504539	-0.504594860784197	-0.282265923964881	-0.315830690846168	-0.0177022148675217
-0.173782609178986	-0.145648385355551	-0.465565590717881	-0.301514325013979	-0.196742900684715	0.033261293621134
-0.114065093193376	-0.0871250416703142	-0.430584066708164	-0.24045207586916	-0.118508948426725	0.0233448710324794
-0.0543475772077669	-0.0286016979850773	-0.395602542698446	-0.179389826724341	-0.0402749961687355	0.0134284484438248
0.0373795920334005	0.0594447136903569	-0.144431299006505	-0.0271687468913905	-0.00252498816052645	0.0394851922425489
0.129106761274568	0.147491125365791	0.106739944685437	0.12505233294156	0.0352250198476826	0.0655419360412729
0.140781973238489	0.13806101973673	0.211874379628832	0.272828413865335	0.062684301336265	0.18751884687246
0.152457185202409	0.128630914107669	0.317008814572226	0.42060449478911	0.0901435828248473	0.309495757703648
0.105989215257917	0.047503409873662	0.381273409470731	0.340031741753898	0.0746154697756991	0.281673875085313
0.0595212453134255	-0.033624094360345	0.445538004369236	0.259458988718686	0.0590873567265508	0.253851992466979
0.0630526936901413	0.0138166972334183	0.519999172504602	0.117699417920271	-0.0314788027601166	0.148076651962759
0.0665841420668571	0.0612574888271815	0.594460340639969	-0.0240601528781443	-0.122044962246784	0.0423013114585394
0.132924069179365	0.0846019785073343	0.542431035821807	0.0078701719184854	-0.0652615207161579	-0.0447746419784068
0.199263996291872	0.107946468187487	0.490401731003645	0.0398004967151151	-0.00847807918553185	-0.131850595415353
0.186749788570295	0.071724911228905	0.426456760613269	0.0694034740977797	-0.0986245655836709	-0.147418971710377
0.174235580848717	0.035503354270323	0.362511790222893	0.0990064514804444	-0.18877105198181	-0.162987348005401
0.137834057233235	0.0238531343824511	0.268162113136029	-0.0367307998337093	-0.013213190711402	-0.164401183374153
0.101432533617754	0.0122029144945792	0.173812436049164	-0.172468051147863	0.162344670559006	-0.165815018742906
0.108253080088143	-0.0219909279618259	0.165881249550261	-0.130189651110414	0.192659360949169	-0.0848610527305741
0.115073626558533	-0.0561847704182309	0.157950063051358	-0.087911251072964	0.222974051339332	-0.00390708671824215
0.128165845370222	-0.0704621608262335	0.304353013392264	0.04785082628329	0.322125494651773	0.12469617899216
0.141258064181911	-0.084739551234236	0.45075596373317	0.183612903639544	0.421276937964214	0.253299444702563
0.0469420587225994	-0.093467715290314	0.382202717224726	0.133408413510059	0.419034362894473	0.296090916857236
-0.0473739467367123	-0.102195879346392	0.313649470716282	0.083203923380575	0.416791787824732	0.338882389011909
-0.0952291635661481	-0.0655854687731312	0.266201130303211	0.0797818707464411	0.374523578267842	0.258904629127647
-0.143084380395584	-0.0289750581998705	0.218752789890139	0.0763598181123071	0.332255368710952	0.178926869243384
-0.0765403994953683	0.0357983759781667	0.149533035587024	0.0884687496270906	0.29734421843139	0.139824319480626
-0.00999641859515266	0.100571810156204	0.080313281283909	0.100577681141874	0.262433068151828	0.100721769717867
-0.0196584167175327	0.0411430563360114	0.0572430076424848	0.0377416345500641	0.164654484219997	0.0788108061999988
-0.0293204148399128	-0.0182856974841813	0.0341727340010606	-0.0250944120417458	0.0668759002881656	0.0568998426821307
-0.0581032452954766	-0.0716336002625512	-0.0512753563581757	0.0272691750409487	0.00564661482838365	-0.0309967788673367
-0.0868860757510403	-0.124981503040921	-0.136723446717412	0.0796327621236431	-0.0555826706313983	-0.118893400416804
-0.0094380963301781	-0.0796023288343047	-0.181052137116643	0.0173748714289191	-0.132765428724121	-0.218057926126114
0.0680098830906841	-0.0342231546276884	-0.225380827515875	-0.0448830192658049	-0.209948186816843	-0.317222451835423
0.1208827132843	0.117503114700057	-0.292246057860051	-0.103352194230555	-0.180187087053491	-0.317457114989647
0.173755543477915	0.269229384027803	-0.359111288204227	-0.161821369195306	-0.150425987290138	-0.317691778143871
0.188132789747423	0.261933123643164	-0.348588477206323	-0.195033259276901	-0.118183752590894	-0.221800317629577
0.202510036016931	0.254636863258525	-0.338065666208419	-0.228245149358496	-0.0859415178916502	-0.125908857115283
0.143783380531757	0.131455844664821	-0.289662798467935	-0.0936756710657667	-0.0206633724036223	0.01403311033829
0.0850567250465835	0.00827482607111673	-0.24125993072745	0.0408938072269625	0.0446147730844055	0.153975077791863
-0.0763769966895557	-0.0327711457371311	-0.125081152737096	0.0117138984521423	0.00982018966986395	0.097937313940886
-0.237810718425695	-0.073817117545379	-0.00890237474674182	-0.017466010322678	-0.0249743937446776	0.0418995500899089
-0.204801679113087	-0.079656034539655	0.0695370148217411	0.0097660164555679	-0.0773589343378148	-0.0090206937643915
-0.17179263980048	-0.0854949515339311	0.147976404390224	0.0369980432338138	-0.129743474930952	-0.0599409376186919
-0.150678054140435	-0.0478889940820413	0.166422417693347	0.0568690030939858	-0.0358463583402187	-0.056708682169171
-0.129563468480389	-0.0102830366301515	0.18486843099647	0.0767399629541577	0.0580507582505146	-0.0534764267196502
-0.0522871056277708	0.0425475349250767	0.15838840125735	0.193675414422972	0.124354524476605	0.002582731485725
0.0249892572248473	0.0953781064803049	0.131908371518231	0.310610865891787	0.190658290702696	0.0586418896911002
0.0745410401862141	0.0800816896345328	-0.0019794342525675	0.296292964456278	-0.0246926068229295	-0.0940715282734994
0.124092823147581	0.0647852727887607	-0.135867240023366	0.281975063020769	-0.240043504348555	-0.246784946238099
0.15656424600633	0.120326780734835	-0.237501284454194	0.248254596533479	-0.186830912229203	-0.274186495871854
0.189035668865079	0.17586828868091	-0.339135328885022	0.214534130046188	-0.13361832010985	-0.301588045505608
0.225751227890041	0.183607860907008	-0.378780316118707	0.215136076521863	-0.0432653626016173	-0.168795427806793
0.262466786915003	0.191347433133106	-0.418425303352392	0.215738022997538	0.0470875949066155	-0.0360028101079785
0.170002007006376	0.167526769140424	-0.403779331187262	0.177064711105133	0.0783427129715017	0.016246200240764
0.0775372270977488	0.143706105147742	-0.389133359022131	0.138391399212728	0.109597831036388	0.0684952105895065
-0.0402288599201656	0.023000554486443	-0.312718296680948	0.106780092901367	0.122392193151426	0.125394450512011
-0.15799494693808	-0.097704996174856	-0.236303234339765	0.075168786590006	0.135186555266465	0.182293690434515
-0.152878216309535	-0.189995662471794	-0.119414265020949	0.0148920824329034	0.0986450109154215	0.12026915160055
-0.14776148568099	-0.282286328768732	-0.00252529570213367	-0.0453846217241992	0.0621034665643781	0.0582446127665852
-0.168739123464546	-0.287611493692829	0.0765832467270857	-0.0788191682929216	-0.0316551960341614	-0.0042812381501716
-0.189716761248101	-0.292936658616925	0.155691789156305	-0.112253714861644	-0.125413858632701	-0.0668070890669284
-0.198941980165014	-0.227804567690457	0.211212632425182	-0.108885839806255	-0.094868707225844	-0.0072129383851672
-0.208167199081927	-0.162672476763988	0.266733475694059	-0.105517964750867	-0.0643235558189869	0.052381212296594
-0.153461183925223	-0.124482823361682	0.294810253745047	-0.0614120510634246	-0.08917113646425	0.105562156835839
-0.0987551687685187	-0.0862931699593766	0.322887031796036	-0.0173061373759821	-0.114018717109513	0.158743101375085
-0.169830301427164	-0.071803023556257	0.197831584164992	-0.0695841550890615	-0.198172854758312	0.0525406616827991
-0.24090543408581	-0.0573128771531374	0.072776136533949	-0.121862172802141	-0.282326992407111	-0.0536617780094868
-0.177053394611927	0.0140246844613424	0.0281336661615492	-0.136106203460033	-0.235104509080492	-0.0255285100708219
-0.113201355138045	0.0853622460758221	-0.0165088042108506	-0.150350234117926	-0.187882025753872	0.002604757867843
-0.0289124011901045	0.0658470326419267	-0.0439830638327406	-0.0646934466892752	0.0602798788416195	0.152386681938178
0.0553765527578359	0.0463318192080313	-0.0714573234546305	0.0209633407393755	0.308441783437111	0.302168606008513
0.0339542824000885	0.0555178914263141	-0.018665787643886	-0.00437236717808465	0.219883944923332	0.250747120257583
0.0125320120423412	0.0647039636445969	0.0341257481668585	-0.0297080750955448	0.131326106409553	0.199325634506653
-0.018456481628466	0.0597262779616115	0.0349058687136466	-0.0401369801556236	0.223130535089902	0.306705298170994
-0.0494449752992732	0.0547485922786261	0.0356859892604347	-0.0505658852157023	0.314934963770252	0.414084961835335
-0.0219936123868191	0.064251624014678	0.0161037937405371	0.0540003679890739	0.343925737324797	0.417936938331015
0.005457750525635	0.07375465575073	-0.00347840177936056	0.15856662119385	0.372916510879342	0.421788914826694
0.0161708850448799	0.0388926346171229	-0.00824356171605193	0.152610307822639	0.261170110062759	0.238135357809875
0.0268840195641249	0.00403061348351588	-0.0130087216527433	0.146653994451428	0.149423709246176	0.0544818007930563
-0.0397068752399796	-0.109262683062766	-0.0624460317572047	0.0537663602653501	-0.041523893505473	-0.155934879114525
-0.106297770044084	-0.222555979609048	-0.111883341861666	-0.0391212739207277	-0.232471496257122	-0.366351559022107
-0.0409114653360066	-0.187080643007184	-0.0965457604613501	-0.0255074120292591	-0.324767685072413	-0.377014878111154
0.0244748393720707	-0.151605306405321	-0.0812081790610343	-0.0118935501377905	-0.417063873887704	-0.387678197200201
0.0673964998965254	-0.0041231090937405	-0.0147489678363673	-0.145214770489696	-0.246685893638151	-0.285211278518288
0.11031816042098	0.14335908821784	0.0517102433882996	-0.278535990841601	-0.0763079133885971	-0.182744359836374
0.121373654476591	0.146969147682505	-0.143231007899342	-0.219533031492372	-0.114916187144878	-0.194560647786191
0.132429148532201	0.150579207147171	-0.338172259186984	-0.160530072143143	-0.153524460901158	-0.206376935736009
0.0883247929716282	0.0854108346416849	-0.24453547890132	-0.0413776765842986	-0.17427664161326	-0.108806223728903
0.0442204374110554	0.0202424621361988	-0.150898698615657	0.0777747189745457	-0.195028822325362	-0.0112355117217963
0.0438623438482622	0.0796597479481649	-0.0390398371741475	-0.0444833842186151	-0.390031727291192	-0.224983928828089
