RTPJ	LTPJ	PC	DMPFC	lDMPFC	rDMPFC	MMPFC	lMMPFC	rMMPFC	VMPFC	lVMPFC	rVMPFC	group-avToM	group-RTPJ
-0.0760659188655896	0.0308583270155433	-0.0576330409470423	0.295891308036025	0.23550083278532	0.45035893841205	0.256867276997814	0.121894181707791	0.344434571095445	-0.199735503489928	-0.373720866665417	-0.0404955265630167	0.145552664418889	0.131634044786076
-0.0470950074166047	0.00397321667037695	-0.115618758704776	0.158845978317897	0.165544524771665	0.243196898344425	0.249119600793442	0.159283274402332	0.284438355527805	-0.239101750860739	-0.332809294039833	-0.0939891492965459	0.0822165304279028	0.0539485739594057
-0.0181240959676199	-0.0229118936747894	-0.17360447646251	0.0218006485997688	0.09558821675801	0.0360348582768004	0.241371924589071	0.196672367096873	0.224442139960166	-0.278467998231551	-0.291897721414248	-0.147482772030075	0.0188803964369166	-0.0237368968672645
0.118175462553867	0.0988610634406988	-0.0509857601361059	0.119209139286586	0.232822895056135	0.0575399682241522	0.219153631055878	0.302185364279919	0.218583401248441	-0.134287359073291	-0.151693184596735	-0.0325057832088446	0.0668030543501233	0.0709086457196528
0.254475021075354	0.220634020556187	0.0716329561902983	0.216617629973403	0.370057573354261	0.0790450781715039	0.196935337522686	0.407698361462966	0.212724662536716	0.00989328008496806	-0.0114886477792216	0.0824712056123859	0.11472571226333	0.16555418830657
0.253108174709362	0.176221781540697	0.18800867590136	0.267530875872772	0.363461299827216	0.195093677159347	0.43369928166239	0.397524888212175	0.462123961457369	0.0799435296500375	0.00242684009715925	0.176570988072095	0.176013845040728	0.216067092860337
0.251741328343369	0.131809542525207	0.304384395612421	0.318444121772141	0.356865026300172	0.31114227614719	0.670463225802093	0.387351414961384	0.711523260378022	0.149993779215107	0.0163423279735401	0.270670770531804	0.237301977818125	0.266579997414105
0.185034702749478	0.0944729282401744	0.266269449662795	0.170359984779522	0.330476942250236	0.133756218116019	0.349690665184592	0.177477175650704	0.376636226690094	0.125510008159851	0.00740848868253044	0.186643109671838	0.152450427240699	0.221820425461768
0.118328077155587	0.0571363139551417	0.228154503713169	0.0222758477869037	0.304088858200301	-0.0436298399151524	0.0289181045670909	-0.0323970636599756	0.0417491930021653	0.101026237104594	-0.00152535060847921	0.102615448811872	0.0675988766632738	0.17706085350943
0.106553074982363	0.0722964615626618	0.154698361822008	-0.0822133688146042	0.218581987963245	-0.159816736249215	-0.151945861821553	-0.0121914440079752	-0.144280343485076	-0.0705648221095285	-0.174334007269577	-0.0824153365123045	0.00958313985293935	0.150895302698408
0.0947780728091389	0.0874566091701818	0.0812422199308473	-0.186702585416112	0.133075117726188	-0.276003632583278	-0.332809828210196	0.00801417564402529	-0.330309879972318	-0.242155881323651	-0.347142663930674	-0.267446121836481	-0.0484325969573951	0.124729751887385
0.0129830395158531	0.223010373322139	0.139581913714758	0.0863434110537245	0.325236086354421	0.004575285356582	-0.14612074435174	0.155895477099724	-0.159177255250908	-0.210813202425297	-0.189002267380961	-0.300112350472808	0.0968930079249825	0.114087495203538
-0.0688119937774326	0.358564137474096	0.197921607498669	0.359389407523561	0.517397054982655	0.285154203296442	0.0405683395067166	0.303776778555423	0.011955369470501	-0.179470523526944	-0.0308618708312472	-0.332778579109136	0.24221861280736	0.103445238519691
-0.0320227631048425	0.28102247687586	0.130758132501531	0.379332818904286	0.424823807895056	0.294714246155475	0.0998979381578848	0.217660391575963	0.0376377008455107	0.00174586803037349	0.12848786726291	-0.138381467680392	0.21776700630588	0.0765468294047054
0.00476646756774764	0.203480816277624	0.0635946575043927	0.399276230285012	0.332250560807457	0.304274289014509	0.159227536809053	0.131544004596503	0.0633200322205204	0.182962259587691	0.287837605357068	0.0560156437483523	0.193315399804399	0.0496484202897199
-0.0530157254956337	0.0858804857436032	0.028869301368105	0.161968035830752	0.142272205561998	0.113659261685341	0.0415822488641936	-0.0631510623101445	0.0353919073068635	0.120880065397201	0.221389143340068	0.0193068868004371	0.10589250492843	0.0760156878377455
-0.110797918559015	-0.0317198447904175	-0.00585605476818276	-0.0753401586235076	-0.047706149683461	-0.0769557656438261	-0.0760630390806658	-0.257846129216792	0.00746378239320652	0.0587978712067115	0.154940681323068	-0.0174018701474781	0.0184696100524609	0.102382955385771
-0.178723403020002	-0.0778592584420692	-0.0749529841435904	-0.203469047707165	-0.288983910995116	-0.143252826564334	-0.291007087712576	-0.365313321926929	-0.227229593396279	0.0724294615536736	0.125444692983259	-0.00135681731107865	-0.062443265714647	0.0353547254872325
-0.246648887480989	-0.123998672093721	-0.144049913518998	-0.331597936790822	-0.530261672306771	-0.209549887484841	-0.505951136344486	-0.472780514637066	-0.461922969185765	0.0860610519006358	0.0959487046434498	0.0146882355253208	-0.143356141481755	-0.0316735044113059
-0.229704215199453	-0.215600812825814	-0.229390964325893	-0.426642882201844	-0.613194249494416	-0.325477244237146	-0.542353267625235	-0.454170046681841	-0.533442391481475	-0.0966116022242621	-0.0551716141632021	-0.124695661339383	-0.194758323480002	-0.0695796210218385
-0.212759542917917	-0.307202953557906	-0.314732015132788	-0.521687827612866	-0.69612682668206	-0.441404600989451	-0.578755398905984	-0.435559578726617	-0.604961813777185	-0.27928425634916	-0.206291932969854	-0.264079558204086	-0.246160505478249	-0.107485737632371
-0.309854313389875	-0.311789631358388	-0.394326796444313	-0.307513992703185	-0.50034795739019	-0.248925915533818	-0.427159457591622	-0.387547121269654	-0.467727760082871	-0.170125352728486	-0.137540062154895	-0.162583195121604	-0.248125824728544	-0.188147705527068
-0.406949083861833	-0.316376309158871	-0.473921577755839	-0.0933401577935049	-0.30456908809832	-0.0564472300781853	-0.27556351627726	-0.33953466381269	-0.330493706388557	-0.0609664491078126	-0.0687881913399351	-0.0610868320391229	-0.25009114397884	-0.268809673421765
-0.373775632565153	-0.298992415352213	-0.424856824709781	-0.0772548572375291	-0.202846541577824	-0.111405889094694	-0.215471359280045	-0.25145322968783	-0.250291816602658	0.0141806261874923	0.0536090812893064	-0.00772364648521255	-0.21309018723766	-0.261854333847417
-0.340602181268473	-0.281608521545555	-0.375792071663724	-0.0611695566815533	-0.101123995057328	-0.166364548111203	-0.15537920228283	-0.16337179556297	-0.170089926816758	0.0893277014827971	0.176006353918548	0.0456395390686978	-0.176089230496479	-0.254898994273068
-0.318462985545885	-0.252700525694015	-0.297860032164305	-0.13607852878666	-0.141795024935551	-0.191995604536067	-0.003537712250821	0.137658877653628	-0.0898156474072616	0.128156947814692	0.179422951565883	0.113980357486588	-0.11368326397823	-0.263218894697461
-0.296323789823297	-0.223792529842475	-0.219927992664886	-0.210987500891767	-0.182466054813774	-0.217626660960931	0.148303777781188	0.438689550870226	-0.00954136799776529	0.166986194146586	0.182839549213218	0.182321175904479	-0.0512772974599814	-0.271538795121854
-0.336384512733217	-0.104375771083179	-0.151285838455566	-0.231256744731569	0.078769029107507	-0.289259897791162	0.166364951521995	0.383295758726712	0.000668033896587755	0.0872409149330771	0.222305185332201	0.10925329946971	0.0427264320080898	-0.166308472833068
-0.376445235643138	0.0150409876761172	-0.0826436842462466	-0.251525988571372	0.340004113028788	-0.360893134621393	0.184426125262803	0.327901966583197	0.0108774357909408	0.00749563571956816	0.261770821451184	0.0361854230349413	0.136730161476161	-0.0610781505442823
-0.402109569062243	0.00592347829033142	-0.0574102790101833	-0.331783145684836	0.0779415141633365	-0.371260621410861	-0.07945895825568	0.059573223274709	-0.212121803945757	-0.0866640993507059	0.158788341925514	-0.0872036552534279	0.0285597398121924	-0.181221122998203
-0.427773902481349	-0.00319403109545435	-0.0321768737741201	-0.4120403027983	-0.184121084702115	-0.381628108200329	-0.343344041774163	-0.208755520033779	-0.435121043682454	-0.18082383442098	0.0558058623998442	-0.210592733541797	-0.0796106818517761	-0.301364095452124
-0.265359116623599	-0.00103959642489215	0.0263484647390414	-0.226591201778438	-0.102688495264871	-0.152853167006728	-0.210409030803099	-0.151643491574915	-0.256815346042952	-0.0637500042227526	0.122756100621475	-0.133046297521838	-0.0610196866383736	-0.303947265613872
-0.102944330765848	0.00111483824567006	0.0848738032522029	-0.0411421007585759	-0.0212559058276275	0.0759217741868727	-0.0774740198320343	-0.0945314631160514	-0.0785096484034505	0.0533238259754747	0.189706338843106	-0.0554998615018799	-0.0424286914249712	-0.30653043577562
-0.0254212973221523	0.053323588638273	0.11913530419174	-0.0228788693022498	0.0356990619699874	0.0874768740886911	0.0332547557391894	-0.0013143610438142	0.0847928891910097	0.0935157930006098	0.164279384654887	0.0317331369335745	-0.00985347492101285	-0.245345133032356
0.0521017361215434	0.105532339030876	0.153396805131277	-0.00461563784592379	0.0926540297676024	0.0990319739905095	0.143983531310413	0.091902741028423	0.24809542678547	0.133707760025745	0.138852430466667	0.118966135369029	0.0227217415829455	-0.184159830289092
0.107644040998354	0.0313425397705673	0.235275659381303	-0.0181209642023734	0.0920827051669614	0.0208518263261896	0.116410707805679	0.0532256890181142	0.206964586177767	0.0704568816152928	0.0196736864462506	0.104993753811199	0.0399035619726395	-0.0904641625810815
0.163186345875164	-0.0428472594897414	0.317154513631328	-0.031626290558823	0.0915113805663205	-0.0573283213381303	0.0888378843009457	0.0145486370078054	0.165833745570063	0.00720600320484063	-0.0995050575741658	0.0910213722533699	0.0570853823623334	0.00323150512692902
0.290242329431578	0.0627441786510108	0.352832216086474	0.0640976091124265	0.13145433477449	0.0339746101498314	0.177396582785338	0.155701353702335	0.236896016603773	0.147280993206556	0.0637471964625486	0.216340966362092	0.0979834643728317	0.0270945274305721
0.417298312987992	0.168335616791763	0.38850991854162	0.159821508783676	0.17139728898266	0.125277541637793	0.265955281269731	0.296854070396865	0.307958287637483	0.287355983208271	0.226999450499263	0.341660560470815	0.13888154638333	0.0509575497342152
0.403554666439133	0.116588749855893	0.300650447707782	0.0550706828806251	-0.0451196403521525	0.0488447617078424	0.130166535368292	0.163255924758212	0.132924819581211	0.345144488963658	0.213701691357053	0.379860480244528	0.0603160843787581	0.0158321089688402
0.389811019890273	0.0648418829200235	0.212790976873944	-0.0496801430224258	-0.261636569686965	-0.0275880182221083	-0.00562221053314711	0.0296577791195594	-0.0421086484750616	0.402932994719045	0.200403932214843	0.41806040001824	-0.0182493776258139	-0.0192933317965349
0.326682209982334	0.0222701648887955	0.026702966249114	0.0311462275817296	-0.16603844564967	0.0191731999690002	-0.0200074192661862	-0.0179541330653799	-0.00019464385214835	0.230975734480874	0.130990098598126	0.246265522693641	-0.0572582120228464	-0.00292096705946845
0.263553400074395	-0.0203015531424326	-0.159385044375716	0.111972598185885	-0.0704403216123756	0.0659344181601088	-0.0343926279992253	-0.0655660452503193	0.0417193607707649	0.0590184742427031	0.0615762649814091	0.0744706453690429	-0.0962670464198789	0.013451397677598
0.230126463325682	-0.00689178747893489	-0.16625899460135	0.0117025088579665	-0.134216862149219	-0.0780023552582446	-0.0309040661905646	-0.0756212226830925	-0.0124454899274455	0.124488367894078	0.098401663911494	0.15091526345318	-0.10240376846121	0.00356027251960186
0.196699526576969	0.00651797818456282	-0.173132944826985	-0.088567580469952	-0.197993402686063	-0.221939128676598	-0.0274155043819039	-0.0856764001158657	-0.0666103406256559	0.189958261545452	0.135227062841579	0.227359881537318	-0.108540490502541	-0.00633085263839428
0.174575176545095	0.0832689028812534	-0.116185891890476	-0.0637364034450532	-0.160316114706801	-0.170323792694392	0.0346300717307193	-0.0572286392107315	0.0293969445669235	0.173521247430407	0.0817721891007725	0.200851262095396	-0.0956125217782118	-0.015993985778861
0.15245082651322	0.160019827577944	-0.0592388389539662	-0.0389052264201544	-0.122638826727539	-0.118708456712186	0.0966756478433426	-0.0287808783055972	0.125404229759503	0.157084233315361	0.0283173153599659	0.174342642653474	-0.0826845530538825	-0.0256571189193277
0.210220455140674	0.17505480302594	0.0543905939960484	0.0381023129454093	-0.0778377124196958	-0.0678939107493721	0.121964345233639	-0.0581899601900004	0.121928423082998	0.183442663668108	0.0042581106752967	0.148474810434927	-0.0641623349154853	-0.00178308986058645
0.267990083768128	0.190089778473936	0.168020026946063	0.115109852310973	-0.0330365981118525	-0.0170793647865583	0.147253042623936	-0.0875990420744037	0.118452616406492	0.209801094020854	-0.0198010940093725	0.12260697821638	-0.0456401167770881	0.0220909391981548
0.262967089039248	0.164525810306455	0.192542529221046	0.0186611989591687	-0.160485791136946	-0.0948839832348077	0.0881186811692128	-0.159540422039184	0.109137312251961	0.148555292209456	-0.033518051588501	0.0905401039406413	-0.0346028174700561	0.0568083071257844
0.257944094310368	0.138961842138975	0.217065031496029	-0.0777874543926356	-0.28793498416204	-0.172688601683057	0.0289843197144896	-0.231481802003964	0.0998220080974309	0.0873094903980572	-0.0472350091676296	0.0584732296649026	-0.0235655181630241	0.0915256750534141
0.0696504964889245	-0.0522972597560775	0.122824705839438	-0.189442996688598	-0.309744671938747	-0.232710188890285	-0.110215362201952	-0.182171719000029	-0.0681381000896016	0.0637781301089935	-0.024475998573455	0.0067627643090425	-0.0139340024660008	0.111538056833228
-0.118643101332519	-0.24355636165113	0.0285843801828461	-0.301098538984561	-0.331554359715454	-0.292731776097514	-0.249415044118393	-0.132861635996094	-0.236098208276634	0.0402467698199297	-0.00171698797928044	-0.0449477010468176	-0.00430248676897744	0.131550438613042
-0.27589781282107	-0.332201881869806	-0.0857126459308805	-0.0822718231053875	-0.0278768267032415	-0.0569989091362905	-0.223832561095546	-0.039879596767433	-0.217639838616366	0.0262023493951425	0.0259890813425212	-0.0563096916463197	0.00808667961454013	0.0744197549090977
-0.43315252430962	-0.420847402088483	-0.200009672044607	0.136554892773786	0.275800706308971	0.178733957824933	-0.198250078072698	0.0531024424612279	-0.199181468956099	0.0121579289703552	0.0536951506643228	-0.0676716822458219	0.0204758459980577	0.0172890712051535
-0.534709788852437	-0.446857065458036	-0.257943042147911	0.140264522621784	0.249184617805575	0.229658327556845	-0.045009778519438	0.176842317112936	-0.081690698023559	0.0569689347254836	0.127812645539103	0.0325255778997316	0.0393046842918316	-0.0326757703578696
-0.636267053395254	-0.472866728827589	-0.315876412251215	0.143974152469782	0.22256852930218	0.280582697288757	0.108230521033822	0.300582191764644	0.035800072908981	0.101779940480612	0.201930140413884	0.132722838045285	0.0581335225856056	-0.0826406119208927
-0.65081401839274	-0.42563564388738	-0.318373629770113	0.181534337334826	0.27756062952131	0.281241494612025	0.181543641754322	0.328589528878789	0.0657377869825421	0.0599491153351461	0.170843120548247	0.0580233345648682	0.0539482847338279	-0.100469740178729
-0.665360983390225	-0.37840455894717	-0.32087084728901	0.219094522199871	0.332552729740441	0.281900291935293	0.254856762474823	0.356596865992933	0.0956755010561031	0.0181182901896803	0.13975610068261	-0.0166761689155486	0.0497630468820502	-0.118298868436566
-0.626191876383917	-0.315273975491192	-0.283529161096643	0.132827174193801	0.198652420584378	0.19840343142276	0.226618997935242	0.373138716446676	0.0988746267294486	0.0652020557795291	0.223134024139425	-0.00381466018477509	0.0729022814278281	-0.113568590093874
-0.58702276937761	-0.252143392035214	-0.246187474904276	0.0465598261877316	0.0647521114283142	0.114906570910228	0.198381233395661	0.389680566900419	0.102073752402794	0.112285821369378	0.306511947596239	0.00904684854599842	0.0960415159736061	-0.108838311751182
-0.531680656214941	-0.351474379761074	-0.219902035140299	-0.141712879661881	-0.184145671488486	-0.0210160973995205	-0.0280184991658585	0.112652375466661	-0.06449545616917	0.0181938362582807	0.171868055209289	-0.0889483499555383	0.00425267079224265	-0.135201404596864
-0.476338543052271	-0.450805367486934	-0.193616595376322	-0.329985585511494	-0.433043454405286	-0.156938765709269	-0.254418231727378	-0.164375815967098	-0.231064664741134	-0.0758981488528166	0.0372241628223395	-0.186943548457075	-0.0875361743891208	-0.161564497442546
-0.354158465458862	-0.345935290518466	-0.195879810645507	-0.294060251163722	-0.507578148762455	-0.0874741592997721	-0.31486772668774	-0.320936089542884	-0.254820234395039	-0.104290877217456	-0.0568229939238917	-0.120974889870505	-0.150129503388996	-0.163208946336345
-0.231978387865453	-0.241065213549998	-0.198143025914693	-0.258134916815951	-0.582112843119624	-0.0180095528902752	-0.375317221648103	-0.47749636311867	-0.278575804048944	-0.132683605582095	-0.150870150670123	-0.0550062312839341	-0.212722832388871	-0.164853395230144
-0.031042709334428	-0.119399265003459	-0.0872973857139568	-0.243108793282978	-0.594508472006133	0.017691767200612	-0.257981926003897	-0.486676329121082	-0.188401910687641	-0.210559170127919	-0.236949250971236	-0.156504869714268	-0.234560125838997	-0.111528074787695
0.169892969196597	0.00226668354307985	0.0235482544867794	-0.228082669750005	-0.606904100892642	0.0533930872914992	-0.140646630359691	-0.495856295123494	-0.098228017326338	-0.288434734673744	-0.323028351272348	-0.258003508144601	-0.256397419289124	-0.058202754345246
0.298036828176712	0.0963162891504624	0.0855642022610802	-0.0490879271864595	-0.299664662490938	0.106954736189478	0.0120978772000285	-0.406515297299289	0.096834614728061	-0.297242910793598	-0.34735935271316	-0.177274887531554	-0.158346662749426	0.0331258669989565
0.426180687156826	0.190365894757845	0.147580150035381	0.129906815377086	0.00757477591076512	0.160516385087457	0.164842384759748	-0.317174299475085	0.29189724678246	-0.306051086913452	-0.371690354153972	-0.0965462669185064	-0.0602959062097276	0.124454488343159
0.378468429005709	0.230707735608213	0.177067226765718	0.207342368421607	0.0755898736051736	0.245014965985274	0.328516410607637	-0.05274413297317	0.408756155396169	-0.205051884039051	-0.301120095464211	-0.051517888451388	0.00509463946152315	0.114740861187076
0.330756170854591	0.27104957645858	0.206554303496055	0.284777921466128	0.143604971299582	0.32951354688309	0.492190436455527	0.211686033528745	0.525615064009878	-0.10405268116465	-0.23054983677445	-0.00648950998426963	0.0704851851327739	0.105027234030994
0.28433481142923	0.236459207816354	0.094056099735824	0.399297302195471	0.217244957547142	0.413464596065249	0.603368967503418	0.209566146261307	0.658363187397045	-0.13271076180854	-0.299544970356989	0.0118177890321989	0.0577126329587978	0.0472376625298143
0.237913452003869	0.201868839174128	-0.0184421040244069	0.513816682924815	0.290884943794703	0.497415645247409	0.714547498551309	0.20744625899387	0.791111310784211	-0.161368842452431	-0.368540103939527	0.0301250880486675	0.0449400807848217	-0.0105519089713653
0.127378299645506	0.0634910468701025	-0.0709604693428109	0.293848685173681	0.0715401418639645	0.316493568822718	0.390641688117364	0.0062261618415335	0.440656066354577	-0.269069571801305	-0.389764276283071	-0.11678013702807	-0.0584528863407526	-0.0969601860553791
0.0168431472871434	-0.0748867454339231	-0.123478834661215	0.0738806874225478	-0.147804660066774	0.135571492398027	0.0667358776834181	-0.194993935310803	0.0902008219249434	-0.376770301150178	-0.410988448626614	-0.263685362104808	-0.161845853466327	-0.183368463139393
-0.0438706935214578	-0.0635793928654023	-0.13749198959288	-0.123792529095049	-0.261390848920032	-0.072189834921085	-0.130813535870427	-0.289274916781559	-0.113341055928456	-0.277766766642749	-0.345967427631149	-0.181595856212102	-0.188610690649422	-0.126309946750038
-0.104584534330059	-0.0522720402968816	-0.151505144524544	-0.321465745612645	-0.374977037773289	-0.279951162240197	-0.328362949424272	-0.383555898252315	-0.316882933781855	-0.17876323213532	-0.280946406635684	-0.0995063503193957	-0.215375527832517	-0.0692514303606839
-0.176144370122427	-0.0277758648762133	-0.125467561241264	-0.300760497559467	-0.259983657119518	-0.358563355307361	-0.341657966760982	-0.269076511011959	-0.375168730802691	-0.0812412557238884	-0.192406762916159	-0.0241593814456713	-0.137804894434296	0.01698041257494
-0.247704205914795	-0.00327968945554505	-0.0994299779579832	-0.280055249506289	-0.144990276465747	-0.437175548374526	-0.354952984097693	-0.154597123771602	-0.433454527823527	0.0162807206875432	-0.103867119196634	0.051187587428053	-0.0602342610360742	0.103212255510564
-0.294762373424862	-0.0616511511768455	-0.134967591209627	-0.308638190669699	-0.145354489891878	-0.473178382649574	-0.384535735353377	-0.185658727227151	-0.48192888350561	-0.035360156704194	-0.0925008884120382	-0.0197043522896738	-0.122041018844616	0.039749215632024
-0.341820540934928	-0.120022612898146	-0.170505204461271	-0.337221131833109	-0.14571870331801	-0.509181216924622	-0.414118486609061	-0.2167203306827	-0.530403239187693	-0.0870010340959312	-0.0811346576274424	-0.0905962920074005	-0.183847776653158	-0.023713824246516
-0.277610283048766	-0.0084353305183795	-0.050685845776579	-0.346531766383467	-0.155214539802672	-0.476571174432327	-0.42667093555988	-0.164527672454842	-0.503183128242793	-0.0866281926863058	-0.0817959284908621	-0.11822360597748	-0.159645667186217	-0.0555921992961495
-0.213400025162604	0.103151951861387	0.069133512908113	-0.355842400933826	-0.164710376287333	-0.443961131940031	-0.439223384510699	-0.112335014226983	-0.475963017297892	-0.0862553512766803	-0.0824571993542819	-0.14585091994756	-0.135443557719277	-0.087470574345783
-0.0306608813578215	0.252538515661705	0.159364426293857	-0.221808402622872	-0.0268508505207275	-0.308085829521481	-0.259381139632364	-0.0046414289745095	-0.296060245146687	-0.0551329537851191	-0.0286154347715742	-0.0954352192017336	-0.0497018980873244	-0.062452964645773
0.152078262446961	0.401925079462023	0.249595339679601	-0.0877744043119179	0.111008675245878	-0.17221052710293	-0.0795388947540295	0.103052156277964	-0.116157472995483	-0.0240105562935578	0.0252263298111336	-0.0450195184559072	0.0360397615446281	-0.037435354945763
0.0722803817271207	0.333791158845599	0.199663166825229	-0.135945121510002	0.167031811636959	-0.198540667840623	-0.178999349771054	0.0449577925671799	-0.20072404767945	-0.0053300739386663	0.107963549492048	-0.0337587170770755	0.0244360675891748	-0.0272519023420568
-0.00751749899271956	0.265657238229175	0.149730993970858	-0.184115838708086	0.223054948028041	-0.224870808578315	-0.278459804788079	-0.0131365711436043	-0.285290622363416	0.0133504084162252	0.190700769172963	-0.0224979156982439	0.0128323736337215	-0.0170684497383505
0.0505649252694227	0.195220228869313	0.232660375018955	-0.105449260692209	0.21480481186726	-0.101931886711562	-0.0974263455589452	0.126164034820198	-0.108156978552564	0.0108369923915885	0.166557116632175	-0.0202291890357649	0.106949204827051	0.0905907831690902
0.108647349531565	0.124783219509451	0.315589756067052	-0.0267826826763328	0.20655467570648	0.021007035155192	0.0836071136701886	0.265464640784	0.0689766652582881	0.00832357636695188	0.142413464091387	-0.0179604623732859	0.201066036020381	0.198250016076531
0.114100868332085	0.254438345567497	0.269500136281376	0.243071865856206	0.556753296951338	0.195921657213857	0.219804209895108	0.430739244191409	0.206220770940122	0.148870106843806	0.2710068458854	0.10545456375667	0.323256876049121	0.251453796408059
0.119554387132606	0.384093471625542	0.2234105164957	0.512926414388744	0.906951918196195	0.370836279272522	0.356001306120027	0.596013847598818	0.343464876621956	0.289416637320661	0.399600227679414	0.228869589886626	0.44544771607786	0.304657576739588
0.140473926522217	0.445721048548566	0.103532246014136	0.475589501141478	0.845195111832887	0.290891845517829	0.280032704622577	0.561077312701329	0.239582409359793	0.241237509728462	0.37660256139838	0.189330329906807	0.402677980736088	0.228664344126955
0.161393465911828	0.50734862547159	-0.0163460244674271	0.438252587894212	0.783438305469578	0.210947411763136	0.204064103125127	0.52614077780384	0.135699942097629	0.193058382136264	0.353604895117346	0.149791069926988	0.359908245394316	0.152671111514323
0.139089126106104	0.392213807189522	-0.0675250874482835	0.316553022290885	0.614284851759101	0.170952947113091	0.061056545757266	0.347300807689523	0.017037485181618	0.0743641108505787	0.199540896088821	0.0400724863921585	0.246439023374506	0.0707722347588436
0.116784786300381	0.277078988907455	-0.11870415042914	0.194853456687558	0.445131398048624	0.130958482463045	-0.0819510116105949	0.168460837575206	-0.101624971734393	-0.0443301604351066	0.0454768970602955	-0.069646097142671	0.132969801354696	-0.0111266419966357
0.178793355836426	0.123960013316858	-0.129091360457709	0.118259454811063	0.157943114012945	0.0590123639473894	-0.124706183950566	0.013545162766753	-0.111924129397349	-0.173960159551891	-0.112561183188681	-0.202296633835265	0.004179622572445	-0.0482904689856516
0.240801925372472	-0.0291589622737389	-0.139478570486279	0.0416654529345687	-0.129245170022735	-0.0129337545682662	-0.167461356290538	-0.1413705120417	-0.122223287060305	-0.303590158668675	-0.270599263437657	-0.33494717052786	-0.124610556209806	-0.0854542959746675
0.252969387234522	0.011614545617093	-0.0257320772736201	-0.0815305857571082	-0.329609191066409	-0.0956335982053166	-0.237571172248449	-0.233162105901629	-0.168085066502454	-0.272375857373347	-0.238130166644008	-0.31867938511847	-0.145613725730705	-0.0820236157540508
0.265136849096571	0.0523880535079249	0.0880144159390388	-0.204726624448785	-0.529973212110083	-0.178333441842367	-0.30768098820636	-0.324953699761558	-0.213946845944603	-0.241161556078018	-0.20566106985036	-0.30241159970908	-0.166616895251604	-0.0785929355334342
0.326969061483415	0.0845138445198015	0.263003628380417	-0.178198004810906	-0.372911590712279	-0.182542387534514	-0.270960295301124	-0.244535002997819	-0.19993213579823	-0.154819994685508	-0.0973715086694377	-0.213206357803145	-0.0642356251378741	0.0174163147540004
0.388801273870259	0.116639635531678	0.437992840821796	-0.151669385173026	-0.215849969314475	-0.186751333226661	-0.234239602395889	-0.16411630623408	-0.185917425651857	-0.0684784332929976	0.0109180525114847	-0.12400111589721	0.0381456449758559	0.113425565041435
0.477981802584489	0.157759401756486	0.460415627013177	-0.089526597247162	-0.0603945429326183	-0.165885150229758	-0.140252940015511	0.000525221995426498	-0.128366416051941	-0.0327648354685085	-0.00783856592597175	-0.057753270582188	0.0697878745630645	0.196063296309032
0.567162331298719	0.198879167981293	0.482838413204557	-0.027383809321298	0.0950608834492384	-0.145018967232856	-0.046266277635132	0.165166750224933	-0.0708154064520244	0.00294876235598062	-0.0265951843634282	0.00849457473283401	0.101430104150273	0.278701027576628
0.519542474603133	0.0691284107825699	0.387416529873375	0.085881273992953	0.177855426283307	0.040738601430972	0.098635664744874	0.183884582661004	0.119237397629115	0.0947642554401873	0.0788602409649289	0.07105855969904	0.167343442748954	0.297323623630234
0.471922617907546	-0.0606223464161532	0.291994646542194	0.199146357307204	0.260649969117375	0.2264961700948	0.24353760712488	0.202602415097075	0.309290201710254	0.186579748524394	0.184315666293286	0.133622544665246	0.233256781347635	0.315946219683839
0.432722426955403	-0.0905559668594091	0.255036861364586	0.356991165983665	0.4327299835445	0.324785069581659	0.410179936758697	0.311553745290367	0.422830624265666	0.202340253609616	0.247869190474867	0.105639407468164	0.271946773510844	0.341289215024113
0.39352223600326	-0.120489587302665	0.218079076186978	0.514835974660126	0.604809997971624	0.423073969068517	0.576822266392514	0.420505075483659	0.536371046821079	0.218100758694839	0.311422714656449	0.0776562702710821	0.310636765674052	0.366632210364388
0.17117788627589	-0.19598759030375	0.011507543122104	0.402853993798801	0.423382932604775	0.346719532630079	0.463642890403797	0.253815597542934	0.477879645678335	0.155905687817272	0.217782813728919	0.090549782093902	0.258878175258241	0.250807247777148
-0.0511664634514794	-0.271485593304835	-0.19506398994277	0.290872012937476	0.241955867237925	0.270365096191641	0.35046351441508	0.0871261196022083	0.419388244535592	0.0937106169397058	0.12414291280139	0.103443293916722	0.20711958484243	0.134982285189909
-0.344264706546296	-0.400503742332901	-0.397889106305395	-0.0435222594450935	-0.050320569325023	-0.0340276915806745	-0.00545226484623501	-0.178246961567902	0.071065216073038	0.0200763320882814	0.0534384230602183	0.0186553490582514	0.027891155284778	-0.026595147233752
-0.637362949641113	-0.529521891360968	-0.60071422266802	-0.377916531827663	-0.342597005887971	-0.33842047935299	-0.36136804410755	-0.443620042738013	-0.277257812389516	-0.053557952763143	-0.0172660666809534	-0.0661325958002191	-0.151337274272874	-0.188172579657413
-0.670431596025959	-0.490962803827423	-0.584570140614846	-0.418061861751024	-0.3738574717521	-0.362541133598114	-0.425083399872836	-0.428209401202044	-0.371170441359919	-0.12794390692815	-0.105393884661508	-0.138589459331989	-0.174417779617841	-0.213316172510266
-0.703500242410806	-0.452403716293879	-0.568426058561671	-0.458207191674385	-0.40511793761623	-0.386661787843238	-0.488798755638123	-0.412798759666075	-0.465083070330321	-0.202329861093157	-0.193521702642062	-0.211046322863759	-0.197498284962809	-0.238459765363119
-0.512561691454079	-0.287356872738527	-0.449044512783521	-0.291733745740528	-0.196181007059469	-0.246637246636734	-0.330457506789016	-0.233620246893107	-0.305029672894019	-0.146899750556086	-0.180523549508487	-0.160733412557861	-0.150993674844351	-0.173224731144103
-0.321623140497352	-0.122310029183175	-0.329662967005371	-0.12526029980667	0.0127559234972913	-0.106612705430229	-0.172116257939909	-0.0544417341201398	-0.144976275457718	-0.0914696400190144	-0.167525396374911	-0.110420502251963	-0.104489064725894	-0.107989696925088
-0.212782689565903	-0.0578359874168273	-0.279149710191457	0.007006908900494	0.0741154937236636	0.0240437273617035	-0.059463904629571	0.0491729461611256	-0.0532928015162409	0.0251850308777243	-0.0481866789987748	-0.0163714595396397	-0.0428772607779351	-0.0875373294652368
-0.103942238634453	0.00663805434952048	-0.228636453377543	0.139274117607658	0.135475063950036	0.154700160153636	0.053188448680767	0.152787626442391	0.0383906724252361	0.141839701774463	0.0711520383773614	0.0776775831726835	0.0187345431700238	-0.0670849620053857
-0.0345652248189031	0.0997146732094717	-0.140742759670686	0.190317497949461	0.149649310840126	0.254663173491253	0.217821743286011	0.170008878990241	0.192100778099603	0.147380848972952	0.0377270369103444	0.136291146780543	0.0540651208575121	-0.0419379754417597
0.0348117889966468	0.192791292069423	-0.0528490659638295	0.241360878291263	0.163823557730215	0.35462618682887	0.382455037891255	0.187230131538091	0.345810883773969	0.152921996171441	0.00430203544332747	0.194904710388402	0.0893956985450004	-0.0167909888781337
0.113463000529016	0.164564109910427	-0.0087487428920662	0.267127020472303	0.170390814073105	0.328534807844227	0.35220722092829	0.0902684179484438	0.320961739981309	0.103235363310495	-0.0577425293312003	0.158567883751079	0.0248470496455016	-0.0441001526892431
0.192114212061386	0.136336927751432	0.0353515801796971	0.292893162653343	0.176958070415995	0.302443428859584	0.321959403965326	-0.00669329564120332	0.296112596188649	0.0535487304495489	-0.119787094105728	0.122231057113756	-0.0397015992539972	-0.0714093165003525
0.317447462635669	0.173265077018483	0.139174094684393	0.256026971603189	0.117078828189888	0.2904729906998	0.371531121546387	0.0693906641423753	0.345049012813342	0.111500221170305	-0.0178215636762123	0.124140402211593	0.0151261410578977	0.0430349486476098
0.442780713209953	0.210193226285535	0.242996609189089	0.219160780553035	0.0571995859637817	0.278502552540017	0.421102839127447	0.145474623925954	0.393985429438036	0.169451711891062	0.0841439667533035	0.126049747309429	0.0699538813697926	0.157479213795572
0.513329995541979	0.238094007891229	0.385674667107753	0.257820879564015	0.0823860777213864	0.335261284185165	0.440053563735516	0.235893315279072	0.442969356090363	0.229840192965541	0.15741368797772	0.221302603045036	0.117993846486383	0.192865757854689
0.583879277874006	0.265994789496922	0.528352725026418	0.296480978574994	0.107572569478991	0.392020015830314	0.459004288343585	0.32631200663219	0.491953282742691	0.29022867404002	0.230683409202137	0.316555458780643	0.166033811602974	0.228252301913805
0.533589060832498	0.220031097738674	0.574127788024268	0.317054557715679	0.185219214423237	0.38430117990048	0.507571525394698	0.256646002956403	0.528090914940934	0.304046956650773	0.247115941616301	0.348394206063522	0.184360300101771	0.207570865255094
0.483298843790991	0.174067405980425	0.619902851022119	0.337628136856365	0.262865859367482	0.376582343970645	0.556138762445811	0.186979999280616	0.564228547139177	0.317865239261526	0.263548474030465	0.380232953346401	0.202686788600567	0.186889428596384
0.38731498010942	0.138822465992977	0.501065185777984	0.278619605738932	0.199416076147232	0.292992313514613	0.458098037597275	0.126658719123498	0.460501691802093	0.277204993873496	0.251181748743697	0.360593378751104	0.163481103279375	0.179741547685211
0.29133111642785	0.10357752600553	0.382227520533848	0.219611074621498	0.135966292926981	0.209402283058581	0.360057312748739	0.0663374389663803	0.356774836465008	0.236544748485465	0.23881502345693	0.340953804155806	0.124275417958184	0.172593666774038
0.256395291897976	0.143425001591344	0.368093181401184	0.300724387140323	0.141055521104655	0.299075028715704	0.29541684419359	0.157390111657851	0.290296884885474	0.244764111606135	0.19996426273787	0.308048562787992	0.185837915708758	0.159031711560253
0.221459467368102	0.183272477177159	0.35395884226852	0.381837699659148	0.146144749282328	0.388747774372828	0.230776375638441	0.248442784349322	0.223818933305939	0.252983474726805	0.161113502018811	0.275143321420177	0.247400413459332	0.145469756346467
0.103056988095128	0.132751449080034	0.140244742969899	0.26548383444714	0.113800296250508	0.286926342441326	0.168438723933644	0.210833511277488	0.185672830434163	0.274953871953636	0.144833667395846	0.308801276123963	0.201954653073899	0.134550593545123
-0.0153454911778463	0.0822304209829092	-0.0734693563287219	0.149129969235131	0.0814558432186874	0.185104910509824	0.106101072228846	0.173224238205653	0.147526727562387	0.296924269180467	0.128553832772882	0.342459230827749	0.156508892688467	0.12363143074378
-0.0240369508930781	0.0804806773622058	-0.117647687494132	0.121467752290825	0.0581755053104134	0.182116883197563	0.1785845068685	0.254356507743782	0.214348779969851	0.328287093229369	0.245071097693024	0.364691990111587	0.166169082126883	0.122488409104579
-0.03272841060831	0.0787309337415024	-0.161826018659542	0.0938055353465183	0.0348951674021394	0.179128855885302	0.251067941508155	0.335488777281912	0.281170832377316	0.359649917278271	0.361588362613167	0.386924749395425	0.175829271565298	0.121345387465377
-0.0312685805071389	0.0460611916024491	-0.108575538318087	0.00925571432715325	-0.0357879853068113	0.119730336836556	0.114098559569909	0.17122652170554	0.16955263925449	0.224104847442212	0.226137723671096	0.236082061110862	0.129319226560101	0.0867443072260256
-0.0298087504059679	0.0133914494633957	-0.0553250579766321	-0.0752941066922118	-0.106471138015762	0.0603318177878106	-0.0228708223683368	0.00696426612916847	0.0579344461316641	0.0885597776061539	0.0906870847290257	0.0852393728262997	0.0828091815549039	0.0521432269866743
-0.0877921849077999	0.00469892035705659	0.030225219721958	-0.0137760963799956	-0.0139823087372263	0.0698272482874053	0.0980362357642071	0.153168919712673	0.107865881086275	0.0030635542155913	-0.0026039723106889	0.00562801369550285	0.0644339397968147	-0.0523012275961644
-0.145775619409632	-0.00399360874928252	0.115775497420548	0.0477419139322206	0.0785065205413093	0.0793226787870001	0.218943293896751	0.299373573296178	0.157797316040885	-0.0824326691749713	-0.0958950293504035	-0.073983345435294	0.0460586980387256	-0.156745682179003
-0.392883696753067	-0.123775643029693	-0.054049682731581	-0.27914648688358	-0.149398092877582	-0.293779404394929	-0.11649826218424	-0.00297353621858251	-0.177842693854185	-0.176588836474598	-0.119041285763402	-0.186045725055368	-0.135173477229112	-0.321697819235186
-0.639991774096502	-0.243557677310104	-0.22387486288371	-0.60603488769938	-0.377302706296474	-0.666881487576858	-0.451939818265231	-0.305320645733343	-0.513482703749255	-0.270745003774225	-0.1421875421764	-0.298108104675441	-0.31640565249695	-0.486649956291369
-0.814417497495646	-0.334943075935739	-0.345785087837352	-0.74819964586108	-0.539608265137979	-0.83112416685796	-0.683487836527386	-0.327799459447737	-0.784472593649717	-0.306725102655313	-0.12802402054725	-0.363055929566607	-0.427172866879011	-0.589507617091989
-0.98884322089479	-0.426328474561374	-0.467695312790993	-0.890364404022781	-0.701913823979483	-0.995366846139062	-0.915035854789541	-0.350278273162132	-1.05546248355018	-0.342705201536402	-0.113860498918099	-0.428003754457774	-0.537940081261073	-0.692365277892609
-0.920859268335781	-0.406058606076483	-0.467769313891984	-0.693689954375464	-0.481195038580888	-0.81266267226577	-0.754710349567157	-0.304554331672028	-0.877711134594487	-0.426930297606524	-0.180490020544803	-0.464981694904853	-0.521460719258946	-0.633205202966367
-0.852875315776771	-0.385788737591593	-0.467843314992974	-0.497015504728146	-0.260476253182293	-0.629958498392478	-0.594384844344774	-0.258830390181924	-0.699959785638795	-0.511155393676647	-0.247119542171506	-0.501959635351932	-0.504981357256818	-0.574045128040125
-0.701238811565139	-0.339822246659442	-0.454677925176751	-0.37222347649939	-0.248959265651064	-0.472431678032096	-0.514658600001747	-0.231698265255891	-0.583045239032759	-0.429788031278205	-0.242182333922049	-0.409599245844487	-0.423337964163722	-0.428612057938629
-0.549602307353507	-0.293855755727291	-0.441512535360528	-0.247431448270635	-0.237442278119835	-0.314904857671713	-0.434932355658719	-0.204566140329858	-0.466130692426722	-0.348420668879763	-0.237245125672592	-0.317238856337042	-0.341694571070627	-0.283178987837133
-0.477206445818345	-0.315455793781997	-0.412724376633681	-0.286963476451201	-0.363956633686808	-0.274703897829334	-0.454102117025039	-0.327879653636272	-0.474159145284881	-0.238531025055828	-0.242384220695634	-0.197608221713533	-0.344945878366482	-0.215434145312016
-0.404810584283184	-0.337055831836702	-0.383936217906834	-0.326495504631766	-0.490470989253781	-0.234502937986955	-0.473271878391359	-0.451193166942686	-0.482187598143039	-0.128641381231893	-0.247523315718675	-0.077977587090023	-0.348197185662337	-0.147689302786899
-0.334733654952378	-0.307600239248217	-0.306852297665537	-0.341936401850259	-0.538151059753992	-0.25171994953615	-0.369317044388914	-0.361691471791067	-0.397406447585339	-0.22504333271009	-0.355015206852032	-0.133825096340952	-0.333648229243079	-0.148130538996611
-0.264656725621572	-0.278144646659732	-0.229768377424239	-0.357377299068752	-0.585831130254204	-0.268936961085345	-0.265362210386469	-0.272189776639447	-0.312625297027639	-0.321445284188287	-0.462507097985388	-0.18967260559188	-0.319099272823821	-0.148571775206324
-0.167275220693749	-0.223969295519561	-0.132605535642764	-0.399884125453139	-0.539208878635828	-0.31843452008236	-0.296493181222346	-0.383934987336831	-0.314997550539577	-0.258590497494458	-0.332878085575075	-0.183530644616387	-0.311067931958356	-0.1349739210159
-0.0698937157659258	-0.16979394437939	-0.0354426938612891	-0.442390951837526	-0.492586627017452	-0.367932079079374	-0.327624152058224	-0.495680198034214	-0.317369804051514	-0.195735710800629	-0.203249073164761	-0.177388683640894	-0.303036591092891	-0.121376066825476
-0.000755898589120854	-0.0924179150348609	0.060553528543844	-0.264621372875034	-0.349926598283435	-0.211537141767669	-0.136653178887052	-0.356423138184453	-0.106136830758459	-0.161294057074196	-0.280776424877501	-0.128475787788085	-0.206784668419243	-0.0217778826653027
0.0683819185876841	-0.0150418856903318	0.156549750948977	-0.0868517939125411	-0.207266569549419	-0.0551422044559633	0.0543177942841208	-0.217166078334693	0.105096142534597	-0.126852403347763	-0.358303776590241	-0.0795628919352768	-0.110532745745595	0.0778203014948706
0.095591754401442	0.0437931790818176	0.118025785636383	0.024092093276638	-0.0063600074476185	0.0181366399151599	0.0697865190219876	-0.157004199647521	0.0827720699229768	-0.134265642760997	-0.227299237730751	-0.125251505861368	-0.0314994434601578	0.0928086081303373
0.1228015902152	0.102628243853967	0.0795018203237881	0.135035980465817	0.194546554654182	0.0914154842862831	0.0852552437598544	-0.0968423209603482	0.0604479973113565	-0.14167888217423	-0.0962946988712613	-0.17094011978746	0.0475338588252794	0.107796914765804
0.0160162888109521	-0.067250776254422	-0.0425391617039	0.0812881276946303	0.104297876514749	0.0125036969388009	-0.0260882582415783	-0.0915855428829928	-0.0674372786764332	-0.210320218131696	-0.131382470120624	-0.220917331571845	-0.0161805107340572	0.013802189999147
-0.0907690125932959	-0.237129796362811	-0.164580143731588	0.0275402749234437	0.0140491983753152	-0.0664080904086813	-0.137431760243011	-0.0863287648056373	-0.195322554664223	-0.278961554089163	-0.166470241369987	-0.27089454335623	-0.0798948802933937	-0.0801925347675099
0.0165865291363401	-0.24052487718044	-0.10812258746269	-0.0424414699305656	-0.102221411711891	-0.0638745264999527	-0.0458878481173175	-0.133685714505624	-0.0959557212104355	-0.176376166931706	-0.0743655511913004	-0.170579766239471	-0.0772450241105389	0.0043204409390117
0.123942070865976	-0.243919957998069	-0.0516650311937922	-0.112423214784575	-0.218492021799098	-0.0613409625912241	0.045656064008376	-0.18104266420561	0.00341111224335207	-0.0737907797742484	0.0177391389873863	-0.0702649891227128	-0.0745951679276842	0.0888334166455333
0.167458623188281	-0.110084626590477	0.0342936806354074	-0.0556211193501445	-0.0922870460636893	-0.0311468460979843	0.013239119736089	-0.206025471944522	-0.0105970196715794	-0.0786603191231268	0.0180237152317104	-0.104521891499066	-0.0686828694179239	0.0860791585690602
0.210975175510585	0.0237507048171154	0.120252392464607	0.00118097608428591	0.0339179296717194	-0.000952729604744491	-0.019177824536198	-0.231008279683434	-0.0246051515865109	-0.0835298584720053	0.0183082914760345	-0.13877879387542	-0.0627705709081636	0.0833249004925871
0.217092599336559	0.115497043866563	0.170399522770451	0.0650709403736125	0.0959654809653432	0.0270833450993588	0.0266209003081795	-0.0747901743908441	-0.0216441302258594	-0.0076904371099475	0.0636834134787622	-0.0572429180328854	-0.0289288487251371	0.026255687795955
0.223210023162532	0.207243382916011	0.220546653076294	0.128960904662939	0.158013032258967	0.0551194198034621	0.0724196251525571	0.0814279309017457	-0.0186831088652079	0.0681489842521103	0.10905853548149	0.0242929578096491	0.00491287345788936	-0.0308135249006772
0.17981988922598	0.188787361253496	0.11865187985751	0.109582478560645	0.0583401800232584	0.0955073740339975	0.114920624040721	0.0863711936595986	0.0882933635499416	0.107716376551293	0.0814656278572798	0.0602619005051774	-0.0447388094871301	-0.0984637557160371
0.136429755289428	0.170331339590981	0.0167571066387261	0.090204052458352	-0.0413326722124502	0.135895328264533	0.157421622928885	0.0913144564174514	0.195269835965091	0.147283768850475	0.0538727202330697	0.0962308432007057	-0.0943904924321495	-0.166113986531397
0.0928775613296088	0.135328543415553	-0.0821249698518609	0.114024555265571	-0.0433281661297186	0.162788820944314	0.0953759285686539	-0.0032360023415212	0.139390500457306	0.128478217244648	-0.00350492660949615	0.112511449445401	-0.0623211836431183	-0.145236612045598
0.0493253673697896	0.100325747240124	-0.181007046342448	0.13784505807279	-0.045323660046987	0.189682313624096	0.0333302342084227	-0.0977864611004938	0.0835111649495202	0.10967266563882	-0.060882573452062	0.128792055690097	-0.030251874854087	-0.124359237559799
0.0829165746169593	0.107353916141829	-0.196031407884014	0.128542808017974	-0.084539386780203	0.204878793544966	0.1127248523783	-0.0940237775552478	0.189304455747617	0.0995485036100444	-0.0807974397014465	0.143795361668334	0.00203512099633085	-0.0672361143732241
0.116507781864129	0.114382085043533	-0.21105576942558	0.119240557963159	-0.123755113513419	0.220075273465837	0.192119470548178	-0.0902610940100018	0.295097746545713	0.0894243415812687	-0.100712305950831	0.158798667646571	0.0343221168467487	-0.0101129911866492
0.0125211402970785	0.0371643797350623	-0.211837612658159	-0.0271460578435125	-0.122398009191863	0.0686706537735498	0.00181668572671	-0.205137162635124	0.105197105832773	-0.0408982526513846	-0.14556914221551	-0.006121682624126	0.0350919157367677	-0.0709210171328256
-0.091465501269972	-0.0400533255734085	-0.212619455890739	-0.173532673650184	-0.121040904870307	-0.0827339659187373	-0.188486099094758	-0.320013231260247	-0.0847035348801663	-0.171220846884038	-0.19042597848019	-0.171042032894823	0.0358617146267868	-0.131729043079002
-0.177540445169744	-0.0959740618652228	-0.245903824342778	-0.22774352962348	-0.197843931441997	-0.102616554554149	-0.242052763431523	-0.348114567260593	-0.158641635154298	-0.225007865673425	-0.13140960214148	-0.292296533572709	-0.0380622701848891	-0.162445014636673
-0.263615389069517	-0.151894798157037	-0.279188192794818	-0.281954385596776	-0.274646958013688	-0.122499143189561	-0.295619427768288	-0.376215903260939	-0.23257973542843	-0.278794884462813	-0.0723932258027703	-0.413551034250596	-0.111986254996565	-0.193160986194344
-0.291284139504143	-0.19717349993663	-0.251888035310023	-0.219807648388785	-0.209676035333538	-0.115696051277442	-0.294356943799727	-0.353114084189999	-0.274668805192662	-0.208668436226714	-0.0185945096296146	-0.258497777298995	-0.0706303792988009	-0.134113106514214
-0.318952889938768	-0.242452201716223	-0.224587877825229	-0.157660911180794	-0.144705112653388	-0.108892959365323	-0.293094459831167	-0.330012265119059	-0.316757874956893	-0.138541987990616	0.0352042065435411	-0.103444520347394	-0.0292745036010367	-0.0750652268340836
-0.239944135742603	-0.11620082762065	-0.167888022554472	-0.027223920471622	0.066599179676431	-0.0080748811122145	-0.114783828454642	-0.0185778217830235	-0.15641097269293	0.00274467179278849	0.171649483260691	-0.0033746108075331	0.0687829591972526	-0.00364968814588205
-0.160935381546438	0.0100505464749238	-0.111188167283716	0.10321307023755	0.27790347200625	0.092743197140894	0.063526802921882	0.292856621553012	0.00393592957103357	0.144031331576193	0.30809475997784	0.0966952987323278	0.166840421995542	0.0677658505423195
0.031655100243491	0.197559127852714	0.115333879986152	0.216132091238492	0.459827132922008	0.109180671740766	0.18611619245116	0.395121294190691	0.199328818407316	0.213191207966534	0.371931339115216	0.138155598127233	0.245991197687323	0.181737014140931
0.22424558203342	0.385067709230504	0.341855927256021	0.329051112239434	0.641750793837767	0.125618146340638	0.308705581980437	0.49738596682837	0.394721707243599	0.282351084356875	0.435767918252593	0.179615897522139	0.325141973379105	0.295708177739543
0.242281472126227	0.317556608033939	0.35106840615721	0.0756216754294735	0.366388465836789	-0.104400814637018	0.0251766702602585	0.317573103433959	0.0793017857768765	0.217386245674659	0.38332324474583	0.162504603634238	0.273414794518449	0.288278389348836
0.260317362219034	0.250045506837375	0.3602808850584	-0.177807761380487	0.0910261378358116	-0.334419775614673	-0.25835224145992	0.137760240039548	-0.236118135689846	0.152421406992442	0.330878571239068	0.145393309746337	0.221687615657793	0.280848600958129
0.36332846068906	0.281737977198132	0.399277004962362	-0.144734382961525	0.119855828763142	-0.335149612712519	-0.213165954041046	0.182731444786038	-0.197367080712847	0.211494465906481	0.220650068808484	0.260092860848536	0.256816836185908	0.31261642256353
0.466339559159087	0.313430447558889	0.438273124866323	-0.111661004542562	0.148685519690473	-0.335879449810364	-0.167979666622172	0.227702649532528	-0.158616025735849	0.27056752482052	0.1104215663779	0.374792411950734	0.291946056714022	0.34438424416893
0.454241419363171	0.266687653968046	0.411018823921567	0.007774474229004	0.116313286283957	-0.215214762585476	-0.0755826006488588	0.268359127385607	-0.0593989329307507	0.228068799492591	0.10723957309262	0.310835572249653	0.267500809338184	0.368132917929794
0.442143279567254	0.219944860377203	0.383764522976811	0.12720995300057	0.0839410528774417	-0.0945500753605875	0.0168144653244545	0.309015605238686	0.0398181598743475	0.185570074164661	0.104057579807341	0.246878732548571	0.243055561962346	0.391881591690658
0.502549419471864	0.307437528066067	0.405497662887694	0.415290583765971	0.426607351733278	0.223713467125991	0.200965832074291	0.402890478513935	0.200169787609158	0.20630498256248	0.107225301646239	0.245251465275025	0.357535760788926	0.43286404585462
0.562955559376474	0.39493019575493	0.427230802798577	0.703371214531373	0.769273650589114	0.541977009612569	0.385117198824128	0.496765351789184	0.360521415343968	0.227039890960299	0.110393023485136	0.243624198001479	0.472015959615505	0.473846500018583
0.572570804738557	0.39442106399688	0.459136975813883	0.63448174665683	0.69550153365847	0.535543060223643	0.47849767430607	0.4698372812079	0.471587549360773	0.119996079493052	0.0375262556133242	0.109193637134141	0.490079196425369	0.487085454045368
0.582186050100641	0.393911932238831	0.49104314882919	0.565592278782286	0.621729416727826	0.529109110834716	0.571878149788012	0.442909210626617	0.582653683377578	0.0129522680258052	-0.0353405122584875	-0.0252369237331963	0.508142433235233	0.500324408072154
0.571178534643029	0.346887861213727	0.380128936124818	0.74501044528431	0.724388047412176	0.742414779604324	0.650879902931246	0.594560606707476	0.721518689105441	0.165076345096962	0.118453743158973	0.112331496332924	0.503801611267922	0.451791045807654
0.560171019185418	0.299863790188622	0.269214723420446	0.924428611786335	0.827046678096526	0.955720448373932	0.72988165607448	0.746212002788335	0.860383694833304	0.317200422168118	0.272247998576434	0.249899916399044	0.499460789300612	0.403257683543153
0.50279757150483	0.277976172824822	0.247405545227056	0.845495070515669	0.746100739617788	0.916939825985033	0.686407270353365	0.647727525859834	0.781050678266251	0.240072142196866	0.200559769411263	0.151070561634478	0.434719535281935	0.332255574680505
0.445424123824242	0.256088555461021	0.225596367033667	0.766561529245002	0.66515480113905	0.878159203596133	0.64293288463225	0.549243048931333	0.701717661699198	0.162943862225613	0.128871540246092	0.0522412068699117	0.369978281263258	0.261253465817858
0.287195957386983	0.0780609469013822	0.17316329549392	0.534538794438414	0.464372097030111	0.613900880513634	0.521538305134733	0.446889064359269	0.55151277653825	0.155965956805197	0.16303074932046	0.0960125364004424	0.271799954411186	0.206310323502852
0.128967790949723	-0.0999666616582565	0.120730223954173	0.302516059631826	0.263589392921172	0.349642557431135	0.400143725637216	0.344535079787205	0.401307891377302	0.148988051384781	0.197189958394828	0.139783865930973	0.173621627559115	0.151367181187847
0.064885398369684	-0.152034721247712	0.0485267752794739	-0.017225059788735	0.044628356016628	-0.0213541181455725	0.0821059901482	0.113245538855951	0.0789575864108465	0.067252127327859	0.123783321893999	0.0556894540864889	0.0713276508517409	0.121269112467754
0.000803005789645108	-0.204102780837168	-0.0236766733952253	-0.336966179209296	-0.174332680887916	-0.39235079372228	-0.235931745340816	-0.118044002075302	-0.243392718555609	-0.0144837967290629	0.0503766853931704	-0.0284049577579952	-0.0309663258556331	0.0911710437476603
-0.138297874176182	-0.217966401606888	-0.1178730182877	-0.334221891336747	-0.148733191950712	-0.347421567014906	-0.235437601575058	-0.0932922169961347	-0.27351276939269	-0.020455999638176	0.0513870422600849	-0.059256403706278	-0.0793736104494701	0.0250719352743827
-0.277398754142009	-0.231830022376608	-0.212069363180175	-0.331477603464197	-0.123133703013509	-0.302492340307532	-0.234943457809301	-0.0685404319169675	-0.303632820229771	-0.026428202547289	0.0523973991269993	-0.0901078496545609	-0.127780895043307	-0.041027173198895
-0.200171710617744	-0.147248773503373	-0.0774177658470157	-0.290355192911675	-0.10506882017973	-0.295907485503139	-0.152069368890352	-0.0278416119682191	-0.206951684745805	0.033677753285157	0.0766070240363297	0.0305020182648046	-0.0674031198725333	0.00200507694390485
-0.122944667093479	-0.0626675246301372	0.0572338314861437	-0.249232782359154	-0.0870039373459516	-0.289322630698746	-0.0691952799714032	0.0128572079805293	-0.110270549261839	0.0937837091176029	0.10081664894566	0.15111188618417	-0.0070253447017597	0.0450373270867047
-0.0647684662281392	0.0251777127813019	0.0903644380442739	0.0124947946926445	0.159538619194038	-0.0618288457142025	0.0880817210022694	0.108959497725992	0.064944007757579	-0.0143792546857885	0.0255654009384467	0.023850256447102	0.0521600550069577	0.0691104480568975
-0.00659226536279931	0.113022950192741	0.123495044602404	0.274222371744443	0.406081175734028	0.165664939270341	0.245358721975942	0.205061787471455	0.240158564776997	-0.12254221848918	-0.0496858470687667	-0.103411373289966	0.111345454715675	0.0931835690270904
0.0617497365809263	0.0851884605337385	0.0769316691971525	0.292534820733188	0.30453060704149	0.321406097539508	0.251349496980015	0.178213550546562	0.278852643260162	-0.0269567272853699	-0.0975203820027093	0.041757596776901	0.0598796550326477	0.0360099419162785
0.130091738524652	0.057353970874736	0.030368293791901	0.310847269721933	0.202980038348953	0.477147255808675	0.257340271984087	0.151365313621668	0.317546721743326	0.0686287639184402	-0.145354916936652	0.186926566843768	0.00841385534962045	-0.0211636851945333
0.0612330967024554	0.0431583801250027	-0.000531462328454399	0.264615325120912	0.217173815391359	0.38432185840974	0.245600028226291	0.10755797489468	0.268672115116505	-0.00801355821047385	-0.0983703777941881	0.0580722559821416	-0.0501835948525243	-0.0753124573246591
-0.0076255451197413	0.0289627893752694	-0.0314312184488098	0.21838338051989	0.231367592433765	0.291496461010804	0.233859784468494	0.063750636167693	0.219797508489685	-0.0846558803393879	-0.0513858386517241	-0.0707820548794847	-0.108781045054669	-0.129461229454785
-0.0442965917182485	-0.0349599617065697	-0.0737779275300589	0.028656746339395	-0.0724079813374675	0.164256118255647	0.0778341741878698	-0.0768012796429315	0.0741419757250937	-0.0742152897165984	-0.0917004365929071	-0.060111037388478	-0.174436439741187	-0.161595775009776
-0.0809676383167558	-0.0988827127884088	-0.116124636611308	-0.1610698878411	-0.3761835551087	0.037015775500489	-0.0781914360927544	-0.217353195453556	-0.0715135570394975	-0.0637746990938089	-0.13201503453409	-0.0494400198974712	-0.240091834427705	-0.193730320564766
-0.103079783790529	-0.151893890724189	-0.174138387420954	-0.251769536873049	-0.499415113806366	-0.10552852477939	-0.12925084751272	-0.292742327788994	-0.122326788822206	-0.125003971853136	-0.219459134516074	-0.0931859484661801	-0.275201091410178	-0.253277085264295
-0.125191929264302	-0.20490506865997	-0.232152138230601	-0.342469185904998	-0.622646672504032	-0.248072825059268	-0.180310258932686	-0.368131460124432	-0.173140020604915	-0.186233244612463	-0.306903234498057	-0.136931877034889	-0.310310348392652	-0.312823849963824
-0.128552840409863	-0.145721483087649	-0.246006515975448	-0.444451786443789	-0.565580070641877	-0.40288414813258	-0.287326686164998	-0.378939047588374	-0.266907374927846	-0.173383766200212	-0.220954001254687	-0.165683156832846	-0.334803916314649	-0.272652261585883
-0.131913751555424	-0.0865378975153286	-0.259860893720295	-0.546434386982581	-0.508513468779722	-0.557695471205891	-0.39434311339731	-0.389746635052317	-0.360674729250778	-0.16053428778796	-0.135004768011316	-0.194434436630802	-0.359297484236646	-0.232480673207941
-0.199922428281491	0.0146753298826297	-0.269464081754712	-0.50366842997468	-0.464771351664494	-0.531641422909591	-0.296448831612356	-0.22774991292309	-0.314351783920327	-0.133489464172158	-0.0954978977345974	-0.178772999469797	-0.328529479451979	-0.282409128463149
-0.267931105007558	0.115888557280588	-0.27906726978913	-0.460902472966779	-0.421029234549265	-0.505587374613291	-0.198554549827402	-0.0657531907938629	-0.268028838589877	-0.106444640556355	-0.0559910274578788	-0.163111562308791	-0.297761474667312	-0.332337583718358
-0.175343167653041	0.140587099302206	-0.19382572766021	-0.239421967842967	-0.0777336298093375	-0.31772937597371	0.057873381359112	0.1208142844433	-0.0508135646685625	-0.0105551151117298	0.0179308958257548	-0.0730720506366883	-0.152675599908259	-0.20525943047821
-0.0827552302985232	0.165285641323824	-0.10858418553129	-0.0179414627191557	0.26556197493059	-0.12987137733413	0.314301312545626	0.307381759680462	0.166401709252752	0.0853344103328954	0.0918528191093884	0.0169674610354144	-0.00758972514920608	-0.0781812772380625
-0.137940044013475	0.123699277736878	-0.0457809865034425	0.00743765987109825	0.109374615382691	-0.0361493422200951	0.216573921199603	0.117329722209497	0.101892749520865	0.0606253384660324	-0.0263389339186273	0.0247636521562713	-0.0527778002156786	-0.109618317928086
-0.193124857728426	0.0821129141499316	0.017022212524405	0.0328167824613522	-0.0468127441652072	0.0575726928939399	0.11884652985358	-0.0727223152614674	0.0373837897889771	0.0359162665991695	-0.144530686946643	0.0325598432771282	-0.0979658752821512	-0.14105535861811
-0.215487019741352	-0.120876417088938	-0.0533702242121455	-0.115529456499604	-0.166321113015718	-0.0592136397939765	-0.055223809285014	-0.311190602745755	-0.0889682607906344	-0.135313036024053	-0.293588533240538	-0.107514782210074	-0.200820617290559	-0.149588717076275
-0.237849181754278	-0.323865748327807	-0.123762660948696	-0.26387569546056	-0.285829481866229	-0.175999972481893	-0.229294148423608	-0.549658890230043	-0.215320311370246	-0.306542338647275	-0.442646379534434	-0.247589407697277	-0.303675359298966	-0.158122075534441
-0.351481468883746	-0.400354499337295	-0.155339939449811	-0.287211175243122	-0.33112349895766	-0.222543560807888	-0.218754289927525	-0.450432058505869	-0.233037248980587	-0.267601337603315	-0.35396735769487	-0.205941369948145	-0.288004780290529	-0.101754952086158
-0.465113756013214	-0.476843250346784	-0.186917217950926	-0.310546655025684	-0.376417516049092	-0.269087149133883	-0.208214431431443	-0.351205226781695	-0.250754186590928	-0.228660336559354	-0.265288335855307	-0.164293332199014	-0.272334201282091	-0.0453878286378756
-0.263828871358073	-0.3176792429715	-0.0192598452006315	-0.289140213210054	-0.314172359213887	-0.231624146835245	-0.243476235242394	-0.406190279811966	-0.269816444405219	-0.213604944100741	-0.278422622196038	-0.152547209910305	-0.215735739161967	0.0360932304167322
-0.0625439867029323	-0.158515235596216	0.148397527549663	-0.267733771394423	-0.251927202378682	-0.194161144536607	-0.278738039053345	-0.461175332842236	-0.288878702219509	-0.198549551642128	-0.291556908536769	-0.140801087621595	-0.159137277041842	0.11757428947134
0.0290052293213393	-0.11084982547019	0.167146644467029	-0.0486838250614615	-0.125700101502258	0.0022594682205955	-0.0956124386265181	-0.317752598169236	-0.084514745929883	-0.126208301446856	-0.193242707554354	-0.0752894936857264	-0.104660810909454	0.0426011975106876
0.120554445345611	-0.0631844153441646	0.185895761384395	0.1703661212715	0.000526999374166412	0.198680080977798	0.0875131618003089	-0.174329863496235	0.119849210359743	-0.0538670512515832	-0.0949285065719394	-0.00977789974985779	-0.0501843447770661	-0.0323718944499647
-0.057961766604814	-0.126532648107396	0.0498735366033486	-0.003335146353956	-0.228303246020964	0.0714823743231977	-0.0741148385353766	-0.346497234148652	-0.0250641074497655	-0.0266516784130254	-0.0499819936829223	-0.0164017187408063	-0.147783863954997	-0.227081770231815
-0.236477978555239	-0.189880880870628	-0.0861486881776978	-0.177036413979412	-0.457133491416095	-0.0557153323314026	-0.235742838871062	-0.518664604801068	-0.169977425259274	0.000563694425532332	-0.00503548079390517	-0.0230255377317548	-0.245383383132928	-0.421791646013665
-0.528065176051796	-0.328473189650519	-0.260662683921819	-0.236755816736797	-0.430084751096687	-0.146336209963958	-0.320264450525366	-0.45737051390068	-0.259397333979346	-0.0208615625419699	-0.0186300335463506	-0.0272813995627065	-0.334929925808901	-0.55128395536766
-0.819652373548354	-0.467065498430409	-0.435176679665941	-0.296475219494182	-0.403036010777278	-0.236957087596514	-0.404786062179669	-0.396076423000291	-0.348817242699418	-0.0422868195094722	-0.0322245862987961	-0.0315372613936582	-0.424476468484874	-0.680776264721655
-0.897820423117277	-0.489801608322601	-0.620389061141242	-0.444783901715104	-0.435172132654284	-0.348818894966937	-0.560482112735619	-0.406146036236544	-0.524490329449445	-0.189394278182736	-0.071368230360333	-0.183135688314471	-0.434271671658585	-0.657789190644529
-0.975988472686199	-0.512537718214793	-0.805601442616543	-0.593092583936026	-0.467308254531289	-0.46068070233736	-0.716178163291568	-0.416215649472798	-0.700163416199472	-0.336501736856	-0.11051187442187	-0.334734115235284	-0.444066874832297	-0.634802116567404
-0.896143945425397	-0.445641840097168	-0.809058431375669	-0.55213689330286	-0.443099693367032	-0.483684187233411	-0.619803611172777	-0.333235106527029	-0.640992219225943	-0.297619630946353	-0.143079932204401	-0.273177925420134	-0.394437278124895	-0.595488510290827
-0.816299418164594	-0.378745961979542	-0.812515420134794	-0.511181202669693	-0.418891132202776	-0.506687672129461	-0.523429059053986	-0.25025456358126	-0.581821022252414	-0.258737525036707	-0.175647989986931	-0.211621735604983	-0.344807681417493	-0.556174904014251
-0.495254502523511	-0.164013996057804	-0.564973704329095	-0.203484157173611	-0.140480359886223	-0.285534457824123	-0.304371653822763	-0.13633576916	-0.359254414947852	-0.210063082020207	-0.157844000489904	-0.190057984785299	-0.156911132107304	-0.350711754177074
-0.174209586882428	0.0507179698639342	-0.317431988523396	0.104212888322471	0.137930412430331	-0.0643812435187853	-0.085314248591541	-0.0224169747387409	-0.13668780764329	-0.161388639003707	-0.140040010992877	-0.168494233965614	0.0309854172028849	-0.145248604339898
-0.0577955692326492	0.0403618838744674	-0.250315216581391	0.202624609027545	0.276926282759171	0.0268037492659589	-0.0174920222616395	0.141327033923548	-0.118410070499043	-0.0743017866042651	0.0078027577133075	-0.116522253194787	0.0721313600031674	-0.115016069420734
0.0586184484171295	0.0300057978850006	-0.183198444639386	0.301036329732618	0.415922153088011	0.117988742050703	0.0503302040682621	0.305071042585836	-0.100132333354796	0.0127850657951768	0.155645526419492	-0.0645502724239604	0.11327730280345	-0.0847835345015706
0.16435009831526	0.110505987758185	-0.0696844967784944	0.251902367131685	0.320366190971556	0.161491315956569	0.151491463332959	0.2884997535951	0.074066589281065	0.050908091296483	0.148816518427025	0.0409651248852418	0.145025059932308	0.0223692873753977
0.270081748213391	0.191006177631369	0.0438294510823971	0.202768404530752	0.224810228855101	0.204993889862434	0.252652722597656	0.271928464604364	0.248265511916926	0.0890311167977891	0.141987510434557	0.146480522194444	0.176772817061167	0.129522109252366
0.315797535971672	0.227636868531399	0.193830374415388	0.11078123975476	0.212600034420981	0.0784198901575692	0.176117725853847	0.23458740136513	0.196918944023331	0.129760624630721	0.245703077298906	0.1294671762649	0.215310594342712	0.155377475858114
0.361513323729954	0.264267559431428	0.343831297748379	0.0187940749787678	0.200389839986862	-0.0481541095472956	0.0995827291100378	0.197246338125895	0.145572376129737	0.170490132463652	0.349418644163255	0.112453830335356	0.253848371624258	0.181232842463861
0.428977615207783	0.279296948900602	0.436641322472411	-0.0334636594880559	0.116288235372648	-0.161319183094123	-0.000166021603762355	0.0893129604032317	-0.0082518959489	0.287572848605845	0.418655102631153	0.21630310257086	0.257340279873034	0.289101338094479
0.496441906685612	0.294326338369776	0.529451347196444	-0.0857213939548795	0.0321866307584336	-0.27448425664095	-0.0999147723175625	-0.0186204173194317	-0.162076168027537	0.404655564748039	0.487891561099051	0.320152374806365	0.26083218812181	0.396969833725097
0.521254591704943	0.326462266714202	0.560388149963593	-0.0142605438461573	0.168698590018616	-0.230395264403523	-0.149007238342804	0.0338060165949221	-0.209844257160855	0.307675318775334	0.379497393415214	0.223919938950065	0.259938202959068	0.332200351055801
0.546067276724274	0.358598195058627	0.591324952730742	0.057200306262565	0.305210549278798	-0.186306272166097	-0.198099704368045	0.086232450509276	-0.257612346294173	0.210695072802629	0.271103225731377	0.127687503093764	0.259044217796326	0.267430868386506
0.435532044553892	0.326752645463759	0.44660779604935	0.018314820644863	0.208090380765319	-0.181758236769564	-0.100938865412294	0.136354858400157	-0.171745180619104	0.210153572490923	0.229209444120537	0.182627394942723	0.211079301830455	0.278415469987339
0.32499681238351	0.294907095868892	0.301890639367958	-0.020570664972839	0.110970212251841	-0.177210201373031	-0.00377802645654318	0.186477266291039	-0.0858780149440346	0.209612072179217	0.187315662509697	0.237567286791682	0.163114385864583	0.289400071588173
0.268436971987337	0.171940401625006	0.198004779373403	0.125499465614795	0.0676923655352207	-0.010946833236896	0.0219753690520089	0.173336670775948	0.0183843607764492	0.101654393194178	0.0873010467822454	0.145908541217505	0.144913808321918	0.296781765236975
0.211877131591164	0.0489737073811197	0.094118919378849	0.271569596202429	0.0244145188186004	0.155316534899239	0.047728764560561	0.160196075260858	0.122646736496933	-0.00630328579086111	-0.0127135689452062	0.054249795643328	0.126713230779253	0.304163458885776
0.178925960158456	0.0424197876733955	0.140387608263338	0.311242017954983	0.028440246879754	0.285223268049049	0.269652528116838	0.245890516227396	0.374594493267153	0.0564855510430649	-0.00260215953724707	0.106170532453946	0.168078738422072	0.344432390678766
0.145974788725747	0.0358658679656714	0.186656297147826	0.350914439707537	0.0324659749409076	0.415130001198859	0.491576291673115	0.331584957193934	0.626542250037373	0.119274387876991	0.00750924987071206	0.158091269264565	0.209444246064892	0.384701322471756
0.240139017108065	0.0246638095721802	0.277965194303102	0.379829272544384	0.0733667083922453	0.479864958088254	0.436412963360347	0.279700360641997	0.598283821806477	0.0506317746359718	-0.060500705677595	0.123922527220312	0.22803406073175	0.373962846395017
0.334303245490382	0.013461751178689	0.369274091458378	0.408744105381231	0.114267441843583	0.544599914977649	0.381249635047578	0.22781576409006	0.570025393575581	-0.0180108386050475	-0.128510661225902	0.089753785176059	0.246623875398607	0.363224370318278
0.450218930335653	0.295377356440624	0.550398374641584	0.580243690441056	0.309950216232525	0.628437213167989	0.568958075380068	0.431823874283772	0.694188318385333	0.128012065996185	0.0270788434664515	0.158283471878087	0.371667084276647	0.400369511335693
0.566134615180923	0.577292961702559	0.731522657824791	0.751743275500881	0.505632990621468	0.712274511358328	0.756666515712558	0.635831984477484	0.818351243195084	0.274034970597417	0.182668348158805	0.226813158580115	0.496710293154686	0.437514652353109
0.7362399778729	0.67862245355565	0.71649267516042	0.776052630336421	0.620877214128995	0.707651465414114	0.798099554370543	0.69257367973744	0.862050008070167	0.348117995976418	0.298868563786273	0.271952344509222	0.536380189123518	0.466113226314471
0.906345340564877	0.779951945408742	0.70146269249605	0.80036198517196	0.736121437636521	0.703028419469901	0.839532593028528	0.749315374997397	0.905748772945249	0.422201021355419	0.415068779413741	0.317091530438328	0.576050085092351	0.494711800275834
0.768057529984518	0.588364156261388	0.604138874439788	0.667033607917512	0.648279477461597	0.678798955603797	0.673311309395205	0.579994873825083	0.72996097887906	0.37471647764655	0.347197224330884	0.288727168213735	0.487243980523783	0.407915112807556
0.629769719404158	0.396776367114035	0.506815056383527	0.533705230663064	0.560437517286672	0.654569491737694	0.507090025761883	0.410674372652768	0.554173184812871	0.327231933937682	0.279325669248027	0.260362805989142	0.398437875955216	0.321118425339278
0.352621656931644	0.053571909364789	0.214530509420609	0.295086469275823	0.24743707017991	0.519996092952154	0.326209794370363	0.161005780471245	0.390284220078769	0.1438080563138	0.156145918045407	0.102570732764471	0.232019203170172	0.204893588016315
0.075473594459129	-0.289632548384457	-0.0777540375423097	0.0564677078885813	-0.065563376926852	0.385422694166614	0.145329562978842	-0.0886628117102789	0.226395255344666	-0.0396158213100829	0.0329661668427873	-0.0552213404602009	0.0656005303851272	0.0886687506933512
-0.239443689259183	-0.521578083368142	-0.341884340030444	-0.0911948964541454	-0.294265265225807	0.153258940034898	-0.103079106995467	-0.238161682206139	-0.036212375242667	-0.196398298779774	-0.200808210090417	-0.135144380035313	-0.154890603379839	-0.0806165355318014
-0.554360972977495	-0.753523618351827	-0.606014642518579	-0.238857500796872	-0.522967153524762	-0.0789048140968182	-0.351487776969775	-0.387660552702	-0.29882000583	-0.353180776249466	-0.434582587023622	-0.215067419610425	-0.375381737144806	-0.249901821756954
-0.556826716619339	-0.685306488125686	-0.695853611034946	-0.434184311020453	-0.602147730777858	-0.26332847966934	-0.410921229891599	-0.352093974254327	-0.356287515948586	-0.298329960864076	-0.37400473686409	-0.242452650787148	-0.355531418969687	-0.192330262854033
-0.559292460261184	-0.617089357899544	-0.785692579551313	-0.629511121244034	-0.681328308030953	-0.447752145241861	-0.470354682813422	-0.316527395806654	-0.413755026067172	-0.243479145478686	-0.313426886704557	-0.269837881963871	-0.335681100794568	-0.134758703951113
-0.576032114480391	-0.575570153379818	-0.785557710776991	-0.64816650388836	-0.648093282814848	-0.498012282915619	-0.465944544937243	-0.349254989960875	-0.44257932509641	-0.287707895434482	-0.271459901537681	-0.310215851378531	-0.313176694147257	-0.158914579244258
-0.592771768699599	-0.534050948860092	-0.785422842002669	-0.666821886532685	-0.614858257598743	-0.548272420589377	-0.461534407061064	-0.381982584115096	-0.471403624125648	-0.331936645390279	-0.229492916370804	-0.350593820793192	-0.290672287499947	-0.183070454537403
-0.566593125902884	-0.483718308893992	-0.703968723906855	-0.648884256806047	-0.591922034767669	-0.520111510640312	-0.424891667901119	-0.387845852736515	-0.43707902401323	-0.279874232015614	-0.257905550642467	-0.27167024769251	-0.301839302376656	-0.231552918014656
-0.540414483106169	-0.433385668927893	-0.622514605811042	-0.630946627079409	-0.568985811936595	-0.491950600691247	-0.388248928741173	-0.393709121357933	-0.402754423900812	-0.227811818640948	-0.28631818491413	-0.192746674591828	-0.313006317253365	-0.28003538149191
-0.392175486435498	-0.287549971928071	-0.434086875159447	-0.451809919308355	-0.414632932321242	-0.30265947628643	-0.306074134823266	-0.312645481673655	-0.300788742110769	-0.129746452716527	-0.210711853110473	-0.111838986353986	-0.259706209889443	-0.273062020000983
-0.243936489764828	-0.141714274928248	-0.245659144507853	-0.272673211537302	-0.260280052705888	-0.113368351881613	-0.223899340905358	-0.231581841989376	-0.198823060320725	-0.031681086792106	-0.135105521306815	-0.0309312981161449	-0.206406102525521	-0.266088658510056
-0.0336710759628055	0.007642366589764	-0.0671803206016115	-0.119683018651677	-0.179563191197487	-0.0260141202589237	-0.118479673337531	-0.176090287707176	-0.0860463506985582	-0.0497677475919445	-0.193341620669434	-0.033633260128005	-0.151253136218315	-0.179425753528764
0.176594337839217	0.156999008107776	0.11129850330463	0.0333071742339474	-0.0988463296890855	0.0613401113637655	-0.0130600057697035	-0.120598733424977	0.0267303589236086	-0.0678544083917829	-0.251577720032054	-0.036335222139865	-0.0961001699111092	-0.0927628485474729
0.240300517040815	0.231382774396291	0.286022327115745	0.118358513141874	0.0788781079492572	0.0944739375804653	0.109268908828524	0.0025983122613765	0.134007466200541	-0.0777858607415094	-0.134181887943396	-0.0516948216001997	-0.0147763562177132	-0.020265278888368
0.304006696242412	0.305766540684806	0.46074615092686	0.203409852049801	0.2566025455876	0.127607763797165	0.231597823426752	0.12579535794773	0.241284573477474	-0.0877173130912358	-0.0167860558547376	-0.0670544210605343	0.0665474574756829	0.0522322907707368
0.0950495322182685	0.0748868158971225	0.28233947122148	0.006289427035085	0.0976043199583041	-0.036589557836348	0.0153693729449015	0.0490125748635673	-0.0287325860933655	-0.0594733304688918	0.00685623067604815	-0.0386633085296787	0.0479755842576649	0.0275134146303948
-0.113907631805875	-0.155992908890561	0.1039327915161	-0.190830997979631	-0.0613939056709917	-0.200786879469861	-0.200859077536949	-0.0277702082205954	-0.298749745664205	-0.0312293478465479	0.0304985172068339	-0.0102721959988231	0.029403711039647	0.00279453849005282
-0.263056126272698	-0.32472352384927	-0.020644091934139	-0.256906218123118	-0.171561826751124	-0.240335731938478	-0.292490085039922	-0.0916139982062017	-0.420454866776018	-0.0269877266771364	-0.0233682115241617	-0.0163843391703704	-0.06250071826886	-0.0678047561209826
-0.41220462073952	-0.493454138807978	-0.145220975384378	-0.322981438266605	-0.281729747831257	-0.279884584407094	-0.384121092542895	-0.155457788191808	-0.542159987887831	-0.022746105507725	-0.0772349402551572	-0.0224964823419177	-0.154405147577367	-0.138404050732018
-0.332603556423615	-0.371031592146218	-0.1268041364122	-0.177349149093517	-0.0950402411350118	-0.200107563167084	-0.290990071647645	-0.0970528688540481	-0.435208162392109	0.00661673226614355	-0.0447256744888248	-0.0166042050609699	-0.133801811215157	-0.079773032300453
-0.25300249210771	-0.248609045484457	-0.108387297440022	-0.0317168599204297	0.0916492655612334	-0.120330541927073	-0.197859050752394	-0.0386479495162882	-0.328256336896387	0.0359795700400121	-0.0122164087224924	-0.0107119277800221	-0.113198474852948	-0.021142013868888
-0.147774427071717	-0.0812842880187171	-0.0147395070816101	-0.0310237806552601	0.185482376380328	-0.139318883399652	-0.22365046483184	-0.025150100394759	-0.297549717076595	0.0483991497492546	0.0458788227696043	-0.0164006805179048	-0.0806031937497493	0.102317243815304
-0.0425463620357238	0.0860404694470227	0.0789082832768019	-0.0303307013900906	0.279315487199423	-0.15830722487223	-0.249441878911287	-0.0116522512732298	-0.266843097256804	0.0608187294584971	0.103974054261701	-0.0220894332557874	-0.0480079126465505	0.225776501499496
0.0532826550267031	0.165401661677314	0.110496343215979	-0.0242579888897367	0.175559143513072	-0.138233712348512	-0.247888601112327	-0.0159758032171941	-0.265018991653253	0.0115948080504221	0.0771264507544312	-0.0361356142632666	-0.0707907169773447	0.193261775701566
0.14911167208913	0.244762853907606	0.142084403155157	-0.0181852763893828	0.071802799826721	-0.118160199824794	-0.246335323313367	-0.0202993551611583	-0.263194886049703	-0.0376291133576529	0.0502788472471613	-0.0501817952707457	-0.0935735213081389	0.160747049903636
0.137858300138547	0.252838759950987	0.12572640975586	-0.0642777046579674	-0.053080044245605	-0.170835206713679	-0.241040220704819	-0.0855087813074162	-0.246097727373655	-0.0100974507503857	0.074419629727996	-0.0124755404611756	-0.0908870323220798	0.116248028328309
0.126604928187964	0.260914665994368	0.109368416356563	-0.110370132926552	-0.177962888317931	-0.223510213602563	-0.235745118096271	-0.150718207453674	-0.229000568697607	0.0174342118568816	0.0985604122088307	0.0252307143483945	-0.0882005433360207	0.0717490067529822
0.186417212325614	0.231887453394009	0.0995592135259663	-0.125468539424329	-0.195004955576256	-0.182660636589723	-0.175031818340162	-0.226916585775278	-0.114754721179967	-0.00658062159051275	0.0115060559737681	0.0252693123061575	-0.1451396526868	0.029982233743679
0.246229496463263	0.202860240793649	0.0897500106953696	-0.140566945922106	-0.212047022834581	-0.141811059576883	-0.114318518584053	-0.303114964096882	-0.000508873662327383	-0.0305954550379071	-0.0755483002612945	0.0253079102639205	-0.20207876203758	-0.0117845392656242
0.214591339998481	0.216263677325911	0.102592372440062	-0.0688377795774712	0.0063046382576635	-0.0673972403181869	0.025530544109491	-0.179880155993229	0.120762187101727	-0.0812397751499271	-0.0993207166201898	0.00222403620533205	-0.127661948647247	0.0138829732383286
0.182953183533699	0.229667113858172	0.115434734184755	0.00289138676716356	0.224656299349908	0.00701657894050925	0.165379606803035	-0.0566453478895761	0.242033247865781	-0.131884095261947	-0.123093132979085	-0.0208598378532564	-0.053245135256914	0.0395504857422813
0.210383718910091	0.370510630889571	0.164375351403756	0.171508110408276	0.45329432799728	0.101629070142784	0.268586073861715	0.17512635650676	0.274324586855161	-0.0219236509773324	-0.000661054587072503	0.00531276047104535	0.0687670526271905	0.0354318985014676
0.237814254286482	0.51135414792097	0.213315968622756	0.340124834049389	0.681932356644652	0.196241561345059	0.371792540920395	0.406898060903096	0.306615925844541	0.0880367933072822	0.12177102380494	0.0314853587953471	0.190779240511295	0.031313311260654
0.264912713638453	0.589370891610515	0.288007352218728	0.371536066112089	0.733451036299787	0.158419927356006	0.401362852707463	0.507912217347078	0.310062813886668	0.0556916668313703	0.176478806146793	-0.0160412691658963	0.289028438098363	0.0283934887410564
0.292011172990424	0.667387635300061	0.362698735814699	0.402947298174789	0.784969715954922	0.120598293366953	0.43093316449453	0.608926373791061	0.313509701928795	0.0233465403554585	0.231186588488645	-0.0635678971271396	0.387277635685432	0.0254736662214588
0.239428533686774	0.548726594381358	0.381028117830336	0.433241336313736	0.765165615035315	0.202785062631878	0.352584004744342	0.430163918266526	0.270362972855423	0.128951237087698	0.241183889064283	0.0492987660516652	0.351113910040419	-0.0018674751655666
0.186845894383124	0.430065553462655	0.399357499845973	0.463535374452682	0.745361514115707	0.284971831896803	0.274234844994155	0.251401462741991	0.227216243782051	0.234555933819937	0.25118118963992	0.16216542923047	0.314950184395406	-0.029208616552592
0.138689133367905	0.280056464590946	0.287446418054783	0.369576663641344	0.554298645202511	0.237695496576438	0.281891493006243	0.203364249330834	0.216325544942126	0.219318691768992	0.199961791458236	0.157412268131683	0.248278576421544	-0.0701031598099435
0.0905323723526861	0.130047375719237	0.175535336263594	0.275617952830006	0.363235776289315	0.190419161256073	0.289548141018332	0.155327035919677	0.205434846102202	0.204081449718047	0.148742393276552	0.152659107032895	0.181606968447682	-0.110997703067295
0.0182978392988136	0.0911950897403746	0.0876485807470313	0.319760274068115	0.325389119964066	0.262053934278409	0.356832480998183	0.224287201131607	0.275759337869014	0.0918316948890267	0.0750756964129858	0.0525068605235984	0.192590906517211	-0.0819904135660987
-0.053936693755059	0.0523428037615122	-0.000238174769531376	0.363902595306224	0.287542463638818	0.333688707300745	0.424116820978034	0.293247366343537	0.346083829635826	-0.0204180599399936	0.00140899954941963	-0.0476453859856982	0.20357484458674	-0.0529831240649024
-0.082268671059489	0.0313442279736494	-0.0839290931944187	0.349073292698904	0.317256072981241	0.342511606649675	0.488968173202395	0.363619189193705	0.394816642058526	0.0489980702969007	0.0310537747107206	0.0280926597082914	0.235997744105759	-0.0447353627292015
-0.110600648363919	0.0103456521857866	-0.167620011619306	0.334243990091584	0.346969682323665	0.351334505998604	0.553819525426757	0.433991012043872	0.443549454481226	0.118414200533795	0.0606985498720216	0.103830705402281	0.268420643624778	-0.0364876013935006
-0.0862116468852222	0.0325176010353706	-0.131247747789951	0.289491563180068	0.402016397890699	0.272695229064403	0.560867734447723	0.570879355296233	0.461014602179533	0.1663613700833	0.104179292668285	0.170910929284396	0.276952007907198	-0.0353492949779427
-0.0618226454065254	0.0546895498849545	-0.0948754839605956	0.244739136268552	0.457063113457734	0.194055952130203	0.567915943468689	0.707767698548594	0.478479749877841	0.214308539632806	0.147660035464548	0.237991153166512	0.285483372189618	-0.0342109885623848
-0.0833740881239157	-0.0112162050295341	-0.107068156808956	0.177053905375453	0.409083664210989	0.169886244671805	0.446429342205681	0.504408408874377	0.42362138554853	0.226850872622663	0.112140002761215	0.252924017224451	0.210731194763807	-0.0545630592300616
-0.104925530841306	-0.0771219599440228	-0.119260829657317	0.109368674482354	0.361104214964243	0.145716537213408	0.324942740942672	0.301049119200159	0.36876302121922	0.239393205612519	0.0766199700578815	0.267856881282389	0.135979017337995	-0.0749151298977383
-0.0640498932833213	-0.140155812044704	-0.201806653906607	0.201205771485766	0.335502475443721	0.231533543720757	0.279129706855733	0.246050057928204	0.345034734715191	0.0888902124501834	-0.0526792692985923	0.130499292846847	0.0860011491238168	-0.0614275578707822
-0.0231742557253367	-0.203189664145385	-0.284352478155898	0.293042868489179	0.309900735923199	0.317350550228106	0.233316672768793	0.191050996656249	0.321306448211162	-0.0616127807121522	-0.181978508655066	-0.00685829558869519	0.0360232809096386	-0.0479399858438261
-0.14274831509342	-0.294110101349862	-0.402850856525572	-0.0062855293244175	-0.04303577109886	0.047606858509967	-0.0274013546377845	-0.145005058861894	0.060792194583915	-0.225609630035699	-0.291705168224814	-0.165216469782908	-0.164902498045562	-0.200232990053191
-0.262322374461503	-0.38503053855434	-0.521349234895245	-0.305613927138014	-0.395972278120919	-0.222136833208172	-0.288119382044362	-0.481061114380036	-0.199722059043332	-0.389606479359245	-0.401431827794562	-0.32357464397712	-0.365828277000763	-0.352525994262555
-0.295732876645803	-0.350345121102463	-0.485934842278153	-0.370045111613618	-0.460281255125336	-0.285887397972028	-0.343499145999189	-0.481198241627391	-0.263572463924336	-0.438374537522235	-0.410625482033667	-0.375492051991894	-0.368217227578327	-0.35477327225881
-0.329143378830103	-0.315659703650585	-0.450520449661062	-0.434476296089222	-0.524590232129753	-0.349637962735883	-0.398878909954016	-0.481335368874747	-0.32742286880534	-0.487142595685225	-0.419819136272772	-0.427409460006667	-0.370606178155892	-0.357020550255064
-0.226851340148149	-0.261695296368633	-0.295357328801784	-0.234129866268811	-0.432690043625541	-0.16306657846399	-0.26915924851729	-0.46434203821134	-0.183511782341304	-0.472658237303899	-0.445448210380324	-0.425355619630045	-0.316997085318186	-0.26592934031772
-0.124559301466196	-0.207730889086681	-0.140194207942506	-0.0337834364484007	-0.34078985512133	0.0235048058079027	-0.139439587080563	-0.447348707547934	-0.0396006958772678	-0.458173878922573	-0.471077284487876	-0.423301779253423	-0.26338799248048	-0.174838130380375
-0.0097823884238985	-0.142882906044115	-0.0254182290900157	0.162915429942163	-0.258225781540168	0.25783837229728	-0.0022437274934225	-0.404452425427646	0.149031825593575	-0.253063314451151	-0.297236309923618	-0.203487281035508	-0.206411001588232	-0.136453637818277
0.104994524618399	-0.0780349230015487	0.0893577497624747	0.359614296332727	-0.175661707959006	0.492171938786658	0.134952132093718	-0.361556143307358	0.337664347064417	-0.0479527499797284	-0.123395335359361	0.0163272171824076	-0.149434010695983	-0.0980691452561788
0.257110960299365	0.0191286811664316	0.201102354459438	0.373839605553454	-0.103800985486448	0.445166502234993	0.176922418148596	-0.246641857885071	0.383121163835154	0.0559371322980888	0.004006534920854	0.0971143157976868	-0.0811828833879453	0.0040293811610961
0.409227395980331	0.116292285334412	0.312846959156401	0.38806491477418	-0.0319402630138906	0.398161065683329	0.218892704203474	-0.131727572462784	0.428577980605892	0.159827014575906	0.131408405201069	0.177901414412966	-0.0129317560799076	0.106127907578371
0.541567907425731	0.267137910591847	0.434341073743365	0.439026124154137	-0.0568207897825645	0.501349957561382	0.280002456480133	-0.0487308052583032	0.444201027168522	0.130981001243257	0.0528361814593881	0.145536443223991	0.0379871842433456	0.167599338326189
