LIFGop	LmidFrontal	LmidFrontalOrb	LprecG	Linsula	LSMA	LParInf	LParSup	LACC	RIFGop	RmidFrontal	RmidFrontalOrb	RprecG	Rinsula	RSMA	RParInf	RParSup	RACC	Lmultiple_demand	Rmultiple_demand	multiple_demand
0.0161340826019095	0.680749701992485	0.332688249216142	0.299066113580514	0.347608569204501	0.182107231503628	0.183298348082267	-0.450556419041977	0.637419329560203	0.145209298609555	-0.0899291522418227	0.447508314146838	0.00511847747707264	0.0857146693518464	1.31219625400834	0.761037290277099	-0.511556681528129	1.07857272252645	0.306240499681164	0.439755472500859	0.403256321149098
-0.470778595414489	-0.403810958660777	-1.51952474799622	0.0281069802657159	0.769365193169033	-0.288319883832757	-0.218847251708737	-0.594194119913782	0.674894384271864	0.52126433137346	-0.0343486038115275	-0.0362609962471394	0.493069144411759	0.937455171721232	1.31927979041881	0.589202267986363	-0.477792644846733	1.4621238973073	-0.416352082945948	0.677345395989719	0.150776410311983
-0.402239567424347	-1.16141811979038	-2.81039221108306	-0.0792065108227214	1.24889669712808	-0.36971880791912	-0.497880292518717	-0.901648099494185	0.803154078569278	0.971171491546331	0.0709780708392339	-0.339903435748127	1.12308139791999	1.77189979415718	1.04843869232092	0.327514581367674	-0.546295437392445	1.76343063180497	-0.80375379907723	0.915671533269494	0.0762323476296388
0.137505278002234	-1.32257055557577	-2.63312520030763	0.0666030941049571	1.56413088610173	-0.0657561589628762	-0.714445722649696	-1.28224905695527	1.2523269174482	1.39655974541872	0.26699418547257	-0.0872111682993351	1.54830106534787	2.21343423848844	0.784264452018218	0.0805837191815263	-0.633453379883951	2.03053290282104	-0.678404174433531	1.16701905152723	0.280402480524797
0.586340718245191	-1.00479511637391	-1.18695971495877	0.202156977584295	1.51754988910511	0.318505428621178	-0.886604469325457	-1.44765259738528	1.79809039030154	1.4789787196077	0.417767938398714	0.498458486197315	1.35779184530642	2.05450794551794	0.620093078708508	-0.284729667902594	-0.738911617870011	1.97365357028715	-0.277914988305555	1.14431131211982	0.480072183651426
0.381675565218164	-0.614071976947921	0.484198514836603	0.0440107801909388	0.992881760149932	0.344905079676354	-1.06837361764477	-1.09746283902536	1.80178511400573	0.950788304382022	0.235263117307857	0.877239563271964	0.698054748953699	1.34048180790018	0.278833295102111	-0.854343091032711	-0.819176976468458	1.20424530183882	-0.0730485336109175	0.580058180019637	0.279276333606355
-0.416994497060907	-0.548276012042589	1.43719808559284	-0.379149204751242	0.00926442823529594	-0.107188944645332	-1.11145472845862	-0.210166590885416	0.900272530219632	0.055109703170948	-0.349816836343623	0.860770820791471	0.0097509205169932	0.275643011260998	-0.491605459341139	-1.46822698746158	-0.670718835920725	-0.198906340573577	-0.263765891331116	-0.361068349731556	-0.337626511443736
-1.17949118345676	-0.844953832063664	1.55992140074578	-0.701981479881345	-1.04837696867517	-0.761313631909398	-0.89820322992979	0.895093836674216	-0.6789579444211	-0.536888950136736	-1.0629470037827	0.537057101388998	-0.173037561123794	-0.742529543294857	-1.41871537207087	-1.74237599249164	-0.162443257763493	-1.58168903282248	-0.610524882465469	-1.10254310829182	-0.927734465198562
-1.22756369614418	-1.17882067572709	1.1417530676306	-0.61488216439859	-1.7218154136186	-1.16170833958473	-0.3973024684259	1.71039162049674	-2.08084168127046	-0.443244452581819	-1.43491700930413	0.216431271203372	0.213192377379751	-1.39455158304098	-1.85997802266774	-1.40198524222769	0.667537623726663	-2.20966760956738	-0.715731489663337	-1.14928387616683	-1.00907819213014
-0.612616306117715	-1.23198190824158	0.636466331786307	-0.144753947900317	-1.7507028536161	-1.22037423081789	0.154964232892853	1.86756507890607	-2.65457949074011	0.138414902887165	-1.25947490983642	0.0172624168175678	0.732219016376525	-1.56130997258403	-1.53371866910961	-0.678244986126817	1.25618478767731	-2.03633937326844	-0.495612334734725	-0.654039636669704	-0.621018778686987
0.064682560761031	-0.93613845733967	0.186480842893503	0.290891263151418	-1.32750185765133	-1.14484189585403	0.447087303526869	1.47663762601279	-2.45875913442496	0.541352110029042	-0.751675460911309	-0.123236542476787	0.837414077089446	-1.52117047764463	-0.821198241799563	-0.0925630208366036	1.33857280759855	-1.66431779292153	-0.224250728967766	-0.217804131267234	-0.238165415475033
0.344074292918042	-0.581650776849547	0.0160317940697175	0.344548008696496	-0.942937812683918	-1.20020783070722	0.314530039484479	0.903401401597958	-1.99216831237197	0.222310919623395	-0.380217246810071	-0.23182731321367	0.370502422297296	-1.55967828579905	-0.470354850106486	0.0281150100851135	0.971687261643939	-1.5670848798735	-0.18873474364162	-0.314463116433027	-0.272339371256786
0.168443033690815	-0.407029239554565	0.0554244631304341	0.00640646821648855	-0.933910487685278	-1.33807267510619	-0.0789993381439607	0.519521678602782	-1.61688994757507	-0.551068558598668	-0.396287497462801	-0.24726675929084	-0.40465971314949	-1.74764860356264	-0.864116138884147	-0.23488439426113	0.584934459289629	-1.73272671988443	-0.40981065436621	-0.827639397732905	-0.670735199058379
-0.113328525825056	-0.407744413085792	0.203146972111556	-0.447223413779334	-1.15670486866691	-1.16354164868557	-0.412380857211903	0.37481642491872	-1.25744611294122	-1.22400914354508	-0.639490781205214	-0.0815500380716953	-1.06825717870456	-1.86610906423738	-1.40996512120863	-0.498867586903564	0.405303116260833	-1.63779972572522	-0.61308308131958	-1.2418924404409	-1.00547548342117
-0.334652470377604	-0.342544426122481	0.159208995082257	-0.7435989002485	-1.13648366066768	-0.422518110032341	-0.546595087054553	0.221167591252705	-0.615619823781012	-1.3256296708597	-0.693024163947536	0.0661539960596779	-1.40082798532169	-1.51399105578545	-1.34079647153985	-0.564781402706412	0.363744278696205	-0.967161649580104	-0.60775664417015	-1.16984810858818	-0.963162358764096
-0.511235660548411	-0.118695110734228	-0.261989543343024	-0.875436942622888	-0.608204601714706	0.580301968255548	-0.504011065980596	-0.13931754673043	0.328645991437558	-0.988568561367085	-0.374382824598913	0.0229235470469263	-1.44271299114541	-0.733065759937327	-0.619525793367212	-0.506409963836081	0.188714647095834	-0.0667003244152704	-0.455943146750879	-0.759349374949981	-0.657735028569195
-0.766829119096841	0.0964529266846175	-0.787730165046917	-0.957779981492024	0.0814830282275893	1.18382732432723	-0.509976142862951	-0.585683170276639	1.14570774770219	-0.649735000815787	0.0659625149040621	-0.277116355038226	-1.3176370290526	0.000866956472576993	0.0817443114072595	-0.479847679856026	-0.0106281672497577	0.489026127220256	-0.399795832774745	-0.412725475150256	-0.437990636892136
-1.03336978350445	0.000619673452158832	-1.06499395113262	-1.03625854561253	0.44618695819638	1.00086307604155	-0.588019232068003	-0.7553367400711	1.36422426391222	-0.633487532786296	0.181729734564015	-0.732065366088141	-1.09141939390678	0.21527060017267	0.0584103091084405	-0.490341421674697	0.0943743138244551	0.373730182897282	-0.527069485492838	-0.401299366579853	-0.499137170675462
-1.13141867076934	-0.514662856058696	-0.910453480199856	-0.992708887871911	0.325220803207963	0.197507027950616	-0.639882261625132	-0.472218486110725	0.975750457316092	-0.881926089388906	-0.257899096949062	-1.20348311962008	-0.809998479195348	-0.0732116236169719	-0.615359007245349	-0.483782833038531	0.476831125278361	-0.0836103962506036	-0.710393505901095	-0.677730821894857	-0.747763246607249
-1.05288436786359	-1.16904663746179	-0.558192112632056	-0.795323408418209	-0.0142066167633172	-0.704481049777372	-0.617347526738548	0.106410852738892	0.349758698318624	-1.09284776526777	-1.02927112821306	-1.58638138231471	-0.565830127267484	-0.409012764206874	-1.22245974560046	-0.464107067127135	0.804483168019148	-0.389528968520966	-0.808371930331225	-0.984998519068656	-0.968089696429792
-0.940556516433848	-1.59266775933855	-0.324866303575647	-0.518270295691652	-0.148894305752442	-1.21817425989705	-0.630437556562436	0.601722434148217	-0.14797336638423	-1.12593351834677	-1.57699030805629	-1.81591448065051	-0.49460631552031	-0.339502907117802	-1.15370777454696	-0.59593469873138	0.626404058338716	-0.299598131947567	-0.798629536690311	-1.15524066039104	-1.05625004296133
-0.920090001130947	-1.51995845029346	-0.217294014986691	-0.310331827501855	-0.0037349197641916	-1.30140649308454	-0.74062578229762	0.824636406250166	-0.395519854554054	-0.990045603914482	-1.51096921461529	-1.64556592560705	-0.609645317693329	0.0857146693537376	-0.622025865043779	-0.791380640116017	0.0208147343025076	0.000555643105824683	-0.719271100566709	-1.09565298582548	-0.981554486954508
-0.921517897547847	-1.01433076346038	-0.036239247569711	-0.223827046597854	0.177894859219961	-1.12870877576505	-0.84368905509127	0.811348898455391	-0.62248145351875	-0.808369370489872	-0.829877190195201	-0.974979317689314	-0.733949205946664	0.472424437668974	-0.157012533536048	-0.847784502395096	-0.420570608094339	0.225382734534801	-0.59774911089759	-0.786919981097297	-0.747955070643652
-0.716376779047319	-0.359708590880147	0.162239200394563	-0.189046773861845	0.19775497421858	-0.760213646447977	-0.696053402264207	0.695245925568032	-0.835191975334831	-0.549591516049917	0.0490733979768648	-0.1325002101237	-0.645353732797711	0.603285717918205	0.015075733411455	-0.507065822699778	-0.271944730831341	0.356820111064141	-0.378813166992698	-0.248693080216764	-0.336960855735695
-0.284676095801582	0.0927578634384346	0.0887567215687459	-0.152780164685727	0.204254648217347	-0.172454748645289	-0.170960940073179	0.464527336484394	-0.755491506863837	-0.168514538622454	0.658514623315825	0.410968291765051	-0.277653566456459	0.653868008288644	0.269666365627473	0.254714247496168	0.140272961574886	0.621232143378562	-0.0657714513006405	0.406265933972585	0.187864212065452
0.178914274079736	0.214814146162632	-0.464255747946639	-0.0884217967606761	0.373968358203842	0.640434506770116	0.501932871525766	-0.00785017983400106	-0.317402839097188	0.390989178624744	0.85483781280192	0.365679249940495	0.307578404331038	0.853586470913794	0.87551706814897	1.02239704746458	0.281604795184679	0.964814057460859	0.204642151333837	0.970935144606809	0.640618012443085
0.55397506613809	0.114093873796364	-1.10817437683513	0.0457943839205207	0.650926689178535	1.33782528881776	0.970854193077866	-0.646844184576515	0.240500440212209	0.995985806355689	0.812154408204408	-0.0120725307273928	0.891266227435079	1.10421356126617	1.54886970588748	1.37984012818498	-0.120169325994491	1.10585942934899	0.346171942520921	1.24212182272281	0.864232979018859
0.904285653645904	0.180247425468258	-1.24604871854985	0.305011459346869	0.659592921178763	1.60182179937268	1.11534161088482	-1.05143603165834	0.40887427758169	1.44352969845122	0.839381711855848	-0.0635373509820144	1.34485960848535	1.05689464446759	1.57928724459678	1.2552269440806	-0.503814683844039	0.77611302858424	0.447473598678877	1.26084498972942	0.928150268291779
1.29552927175934	0.688616610839142	-0.584706409116268	0.753290530153563	0.312221455208475	1.40015779825517	1.13025430308864	-0.84364245129363	0.0895445860195999	1.51088283864803	1.09425384002096	0.407365754347496	1.51548792714501	0.560209186765207	0.829265742163734	0.927625441659224	-0.420420354680526	0.151209010354656	0.73088961161941	1.14608417795188	1.01535266630393
1.54874290294711	1.55361899729594	0.409958484683752	1.1985969280766	-0.123617795754932	0.976296734087208	1.21939906315812	-0.128734447812078	-0.231896376232245	1.16791355896176	1.48720729384705	1.12787323791239	1.32903209476513	-0.0151235740307735	-0.0632598457319627	0.723325405614515	0.130440089468092	-0.112434382330799	1.19217405220788	1.08883953821332	1.22829045909743
1.3721597127763	2.25758814355696	0.964486056855167	1.35198684885634	-0.0889528677581715	0.768399482024612	1.19239052061007	0.496660428148196	0.13915944718701	0.591571556666265	1.74105583916646	1.52518165027743	0.7864572036432	-0.0702745874033703	-0.314100370434926	0.595432927191324	0.38721825801864	0.318388129623242	1.54838939758074	1.03798368805953	1.3890809892751
0.850977520764021	2.28822140982611	0.75388678764363	1.08325722020448	0.459547399194278	0.969696821322697	0.729599972518666	0.458309979497767	1.22382476315906	0.0616086903832559	1.58700662113903	1.36975789310852	0.0939069690873777	0.522027715969473	0.249665792229665	0.308166744887643	-0.0943466591960792	1.13622069468903	1.47824090846189	0.86215939907769	1.25554688420016
0.413089286380065	1.62763945781618	0.22208575531488	0.70409279393454	1.05390647714408	1.32975872877184	-0.135004782200854	-0.143415643674755	2.18920328525838	-0.0807782112613375	0.955456006370079	0.852021801346984	-0.346368138223152	1.15708021313685	1.02760476169543	-0.205698674825965	-1.15456515211596	1.51285411280864	1.023193246287	0.474581474050479	0.802077317131432
0.662019228318574	0.900307976190847	0.079666105631582	0.66173220534819	1.13118037913905	1.42985740569261	-0.754047205281885	-0.641676726999591	1.99232729359975	0.250079319528901	0.137715672271657	0.361562064320515	-0.28556732331657	1.17241806892683	1.41178244238641	-0.636925877712772	-1.85899745554821	0.918311359916638	0.655028629899092	0.0625244421900737	0.381206422424968
1.48543949514981	0.78373469054206	0.582680187490603	1.05382775865931	0.577263717185511	0.952830377594291	-0.370625319038076	-0.451517769162655	0.470101127534511	0.849167777067551	-0.369367268663741	0.0501999017800825	0.315685179650602	0.485151594602146	1.35719754415386	-0.439840289169536	-1.53888246624706	-0.293449014919676	0.767526098311699	-0.0288496050843639	0.39070235592598
2.10324267800863	1.33513348339557	1.34326172090718	1.45409816239953	-0.162615839750951	0.0798085836620231	0.95163338979077	0.329020411163585	-1.32606241029963	1.29759789469167	-0.128825300315959	-0.171098825313855	1.02946744481031	-0.322859701897516	1.20594320782896	0.487872073543388	-0.395484420239401	-1.12396413385902	1.24947111897073	0.34314826236696	0.849877580294576
1.68153726967831	1.90977541602777	1.78415659386282	1.24452472412403	-0.642869529709267	-0.771580162875873	2.18425024881156	0.944631187447702	-2.09509275841378	1.29434840108559	0.817169964141099	-0.258074371543502	1.23792738163379	-0.611015588332263	1.13844127261231	1.65169362719114	0.794406594667716	-0.970236208095146	1.46709757767941	0.96652126515888	1.30685213365587
0.286006505313579	1.73276996695796	1.5553760927772	0.308281399520186	-0.658396528708873	-1.20057449252693	2.1416662277376	0.754398735910273	-1.40945760247731	0.738684994464485	1.80963588971753	-0.0928722985269749	0.705775487354358	-0.34831401576197	0.859266602260624	2.25639549952889	1.3571119742234	-0.0766926395918281	0.921057241837027	1.33540957811309	1.21985515424841
-1.16568818476378	0.68098809316963	0.769795365532441	-0.856560469813819	-0.453295704726107	-1.02934342248628	0.618417567303681	-0.115438126420923	0.00509375849564599	-0.0863909729437027	2.03042270917567	0.303921465635636	-0.352544728944629	-0.0183869476026328	0.128828994613707	1.8136907665269	1.22373221043905	0.641216773726471	-0.234954539747396	1.05932108128642	0.456237526889285
-1.70971671943944	-0.612045651943446	-0.152144600768796	-1.49434743693268	-0.35110638573448	-0.545349819803741	-1.31940393642571	-0.991223124534822	0.99580752885337	-0.764648911063602	1.10960758268208	0.554555140276253	-1.28656105698838	-0.106498034055653	-0.789113988641741	0.646917847992997	0.689487901196187	0.547827058824643	-1.29976330368588	0.183275813515612	-0.587948657652169
-1.1647362538202	-1.35344221302396	-0.755155457940054	-1.25029099321236	-0.43163012472859	-0.152655010352043	-2.20803469525417	-1.19491303222559	0.993168440492964	-0.985023659250925	-0.420751127435041	0.291569908775314	-1.49289779075219	-0.583276912967571	-1.4074650495353	-0.378189555981847	0.232776796375798	-0.151250683587278	-1.58499037624974	-0.751682638306938	-1.25152702447062
-0.159497176625318	-1.20277898903531	-0.728641161455842	-0.391931698150269	-0.538513652720087	-0.0580562607392385	-1.46422274739304	-0.728659872619092	0.397262288795968	-0.637032434902456	-1.53440926174354	-0.299760875950504	-0.837214082057225	-1.04014921308903	-1.37621415360156	-0.560846249523907	0.0548730799225756	-0.759628949799574	-0.979228845305984	-1.10605443124182	-1.12494157976699
0.583960890884711	-0.502385710432732	-0.0521478254585215	0.545203428321798	-0.41140891672936	-0.16365486496023	0.189760514703194	-0.0874167215935768	-0.0851630634169694	0.0704709456716998	-1.64086187752305	-0.649207005478474	0.316457253490312	-1.08453109367211	-0.876199818644162	0.0592683061115314	0.0700455959764469	-0.776923341445828	0.0597894669044095	-0.685468874247061	-0.344081127661276
0.931415685558544	0.0983600561015738	0.8235815098279	1.13468446108643	0.0677614942293248	-0.112322210131008	1.51814999699525	0.206039092714524	-0.136889195271958	0.766453394369991	-0.997642418333111	-0.36048936385032	1.31687193178187	-0.679872770708182	-0.248265149663925	0.788255433121012	0.132993377983322	-0.374156175945483	0.927099433340962	0.131834836507504	0.563300817904851
1.08229674023361	0.166182346014965	1.27432455004994	1.24274112039425	0.802224656166896	0.22647331174863	1.83579034095762	0.00905195844967684	0.0958783980814001	1.10174205280513	-0.447159564810304	0.355386285890258	1.64538935073933	-0.0513470206830559	0.289250260413237	0.979438291891939	0.0111503206520342	-0.0294213024186417	1.25977443209302	0.700450934145258	1.05119461263623
1.13227311480963	-0.266259249418725	1.05842242154058	0.8290936886795	1.4121107331141	0.550235698998408	1.34847669902003	-0.493857753226025	0.22730499841267	0.916225508754278	-0.543683427002708	0.849448560334472	1.20936064955005	0.558251162621756	0.662594297181049	0.560016548551198	-0.431464192586555	0.063968412483186	0.995803317766361	0.640756161841907	0.878661103352089
0.80623676638228	-0.818134824628218	0.550863031710774	0.0347954942529841	1.50816147110586	0.504769633291697	0.748489382645385	-1.0029453453786	0.275864224236292	0.331907476697722	-1.01340559413156	0.735711307572376	0.304104072049495	0.868271651988737	0.679261441678203	0.00876717360637099	-1.10330885726286	0.111624069469211	0.365084880161159	0.0844631322778045	0.239665031491163
0.0299370812934496	-0.90610116901423	0.381929085543264	-0.782243647731618	0.872637791160537	-0.0507230243330153	0.376500560425056	-1.27639710801621	0.296976931117358	-0.316218793439331	-1.09437099709484	0.33428570958564	-0.633193569816347	0.650278297359998	0.202997787632027	-0.200779733348398	-1.61057817664791	0.245367364885176	-0.293772850596449	-0.491358150133774	-0.424939542254418
-0.986249201760609	-0.247903128775541	0.70085819467496	-1.16497528146091	-0.205224813746964	-0.700081107933408	0.10856919047685	-1.05594130130341	0.224665910051954	-0.697591179376875	-0.408263416737877	0.273557221685824	-1.23734134968267	-0.065053189687849	-0.703278194472573	-0.0751827609491134	-1.59737476767099	0.274959990594063	-0.667088475319695	-0.723686106133949	-0.75001790267981
-1.60833607387031	0.813891174457127	1.03872608701023	-0.880639120169856	-1.0628206886749	-0.992677240464624	-0.293079319572924	-0.345400139054695	-0.118415576751297	-0.761399417457523	0.62197271578394	0.683217190912711	-1.3836493423796	-0.938984632347938	-1.47830041365296	-0.0263212756027126	-0.861016440170165	-0.0916811123539242	-0.638048257366484	-0.613398294038861	-0.674181242082989
-1.58120604195767	1.44205192636848	0.669798590224373	-0.296657532239755	-1.25636653665867	-0.801646432133014	-0.891575366726828	0.633444279647927	-0.687930844846416	-0.71029374529156	1.11779624543397	1.1031701241885	-1.15801076261403	-1.38965652268204	-1.47205023446694	-0.438200642010777	0.137744747261725	-0.717738090028054	-0.453735396260095	-0.455380977265884	-0.489941623033463
-1.21042893914696	0.816990259759391	-0.460467991307298	-0.122458901275581	-0.888773862689148	-0.501350401378448	-1.50746955478642	1.26588633250472	-1.03840177905806	-0.701431490001762	0.633743918489497	0.942085236793479	-0.812507719175592	-1.1524092639762	-0.737862519306604	-1.19866899447788	0.910186384178087	-1.13818396699242	-0.565880366146823	-0.480745837929737	-0.563242750474527
-0.964354790042249	-0.909319449906121	-1.72785136322444	-0.665417603415754	-0.533819443718263	-0.373018764301376	-1.89553094527241	1.11035379062126	-0.751796783159643	-0.856816366069617	-0.490661835682473	0.0800494975291877	-0.575288031808914	-0.481133320154863	0.118828707914624	-1.87945049500594	1.03146803277697	-0.898752722614464	-1.12408831602339	-0.741517479414265	-1.00184023303728
-1.02242257764527	-2.61631947422029	-2.24904667696	-1.46774201462768	-0.552957372717862	-0.33818589138085	-1.98285304296063	0.230534282919275	-0.0318534785428759	-1.07600948021827	-1.4714589168362	-0.853007693687066	-0.611768520753006	-0.0379671890365205	0.402170164391045	-2.12310206287345	0.529965042714394	-0.211588894449597	-1.79447050416954	-1.10317325731868	-1.55515118088402
-1.08382212355379	-2.97378704442516	-1.98844902009014	-1.66319525670601	-0.871441398690646	-0.00965690046998126	-1.75452315564712	-0.751106987107689	0.545579054630971	-1.23612089244111	-1.77454179695418	-1.26781414493917	-0.894926601605205	-0.0996449495532562	0.116328636241649	-2.02734666877174	-0.196236017728706	0.229610252494114	-1.98218385686172	-1.40874452208331	-1.82207539741946
-0.836796043504064	-1.73713281272057	-1.51497944002764	-0.934890400290252	-0.961714648682906	0.609268252051268	-1.30150870578012	-1.10400969138652	0.412569001285573	-1.27009287104884	-1.46644336089932	-1.11084644316279	-1.12905799361115	-0.383558450342421	-0.165346105783009	-1.84239446920577	-0.772347297594561	-0.0317272213049915	-1.44548485006731	-1.54151627809465	-1.61059576427267
-0.392244292508746	0.0139695793740147	-1.41043735674878	0.198441136481063	-0.51612588672135	1.10096175295973	-0.706492286806704	-0.622849037935008	-0.174892067656757	-1.14336262041493	-0.972257563801645	-0.774781166899995	-1.02251180367849	-0.333955172043813	-0.0282588422851713	-1.69285864828138	-0.883123739269423	-0.691604342647321	-0.519095247145655	-1.39750199239091	-1.04099458726859
0.0504035965963505	0.880640704070621	-1.591492124166	0.913071697633006	0.259140784213337	1.0202961525125	-0.0955689961483364	0.222641381924148	-0.442495627363859	-0.796257621595199	-0.555045196571126	-0.696039991910498	-0.440561146713088	0.275643011260998	0.392169877691961	-1.36328956926875	-0.499406903796544	-1.07208095891341	0.241455325237384	-0.909064832280689	-0.370429573042863
0.389766978244804	0.523053938278022	-1.54906924979053	0.937150347987324	0.884914953158559	0.476170011315973	0.499778815984275	0.934517996735	0.0225117416725179	-0.17442270881475	-0.25042694218707	-0.945644370144353	0.510247787351949	1.09116006697621	0.649677260193355	-0.617578041234029	0.100679733419005	-0.710820333369004	0.647513455826604	-0.143023787474968	0.264552211312472
0.782914458245579	-0.145394922581944	-0.822577526139297	0.715983485468776	1.09073796314255	0.00867619053955408	1.14533269187346	1.31107982657224	0.829544962171156	0.665719092584108	0.107827053225397	-1.18032395050537	1.5214714994049	1.53041014980744	0.513423353917088	0.513778498659746	0.734469367182638	0.143138294251335	0.985538325895167	0.745377437773998	0.930573759682486
1.21556707243652	-0.0134454060030315	0.365262956325212	0.690864399603881	0.902969603158282	0.0435090634600803	1.81325560607103	1.49106458744007	1.13515139426306	1.39626433691014	0.506512570976556	-1.13194701946741	2.21460078934288	1.36658879647799	0.257166007252182	1.55888959797703	1.21790494697125	0.919464319358717	1.47670733813917	1.45422185265228	1.57928107822846
1.28125030759448	0.858351129004319	1.25235556153407	0.71107857521109	0.544043161189237	0.168540744154897	2.19137520175309	1.5855008766462	0.586221015375865	1.60245947663403	0.84654679176546	-0.742872978342523	2.28235026881065	0.921790978574669	0.214248110167598	1.9697851760889	1.38408443041562	1.17503699594332	1.7834447190352	1.7171027122516	1.88584453790532
0.532556619891609	1.41821280864799	1.25614331817562	0.216128540135868	0.157673651220731	-0.162554879498809	1.88533361839373	1.34706930023676	-0.392352948522998	1.00514347015406	0.980840860901545	-0.21638786713841	1.53459675468733	0.5921902477738	0.323417906635584	1.58676359968464	1.09550894496223	1.09740439343255	1.29859451955318	1.40190355615068	1.45626552343927
-0.831560423309603	0.845239614257502	0.597831214054587	-0.894016148144201	-0.204863720748308	-1.0190768915198	0.768372972251906	0.505069210719402	-0.886918107192308	-0.0964348622708165	0.875821261104872	0.127911780364536	0.223422355760891	0.427716219729101	0.333001514722266	0.677087355723064	0.359477480465138	0.890256013465409	-0.0548601854277124	0.618056948948295	0.309739208287681
-1.84441494806104	-0.438139288177794	-0.168053178657607	-1.84512283716612	-0.450406960727579	-1.6420353240653	-0.625300962580359	-0.698059518802274	-0.605063470341878	-1.13302332257773	0.64357031379355	0.0615221622370809	-1.09624485540615	0.157835225299625	0.113828564565082	-0.191597709255833	-0.604648695103717	0.739218326400998	-1.46200437359486	-0.315486482974078	-0.947281679533783
-1.63213434747727	-1.11457425347215	-0.304412417718255	-1.70897441910975	-0.377827267732232	-1.21854092171676	-1.41931897419807	-1.5829839748962	0.0531251666517281	-1.38855168341146	0.440900910674398	-0.27094057660816	-1.69170680457265	-0.287941604675533	-0.0957607775021871	-0.522150576564973	-1.37225279288858	0.532838586062547	-1.79087853544917	-0.890890283429761	-1.43688314291862
-0.156165418319637	-0.506438360445476	0.264508629687903	-0.333964576924733	0.0648727502305517	0.105474911078068	-1.12570463434317	-1.49865920322584	0.468517674517583	-0.685774838992283	0.421862269774469	-0.572524423299063	-1.18696353161668	-0.604162503829866	-0.135345245686118	-0.138801070728216	-1.34845390885505	0.314160611663929	-0.689913161707754	-0.711435813524289	-0.755391740477821
1.46687684173569	0.772768696389345	1.08948202599338	1.25269957455312	0.631066574179915	1.28172603032487	-0.0949062098289117	-0.494730764884864	0.337618891859763	0.514174527142344	0.667215077489613	-0.486063525271841	-0.00511150090620329	-0.513440718520031	-0.0903439555402435	0.696435192201806	-0.446154090838106	0.288411184098775	0.962464650436525	0.158484638539794	0.596640263097479
2.13132464086647	1.44979963962741	1.46901524137267	1.8458964484229	0.924635183155799	1.43352402389457	0.775663621774292	0.670607603537897	0.0473191722574674	1.46479911114562	1.04358648924107	0.101664722034704	0.949750820820633	0.00576201683152172	-0.162429355497632	1.48543340524167	0.873788738766141	0.492100685735297	1.88785045841857	1.2089880616192	1.66261314834763
1.58872400260771	0.985890408803714	1.11220856583629	1.20483954113224	0.737950102171412	0.71670016537568	0.857020642580161	1.20692358693545	-0.0893856047918139	1.71205603370821	1.30746614643406	0.852536449549601	1.07617791213554	0.503752823964203	-0.212014110380647	1.84615578027942	1.74799869365953	0.736143767885683	1.54530635978975	1.81593903658818	1.81389403151703
0.619182335824173	0.0348288073797597	0.381929085543264	0.156526448824626	0.263834993211007	0.0911751000902064	0.343692637574171	0.981995534771237	-0.0366038375905481	1.40896690282348	1.27338083772729	1.40732721189363	0.544798091695817	0.568367620696222	0.0413264859988837	1.70940920719632	1.7270600854973	0.666581881478512	0.573592754862136	1.75632839838871	1.26655412319522
0.177010412190956	-0.335511886394781	-0.0529053767877631	-0.243743954915591	-0.0607876137599334	0.259106213748609	-0.0306159367671724	0.510613961163684	-0.0677450802400975	1.02050471265497	0.968148433636572	1.52363770566824	0.0728679569427048	0.262915854327826	0.712595730676106	1.29228296987949	1.10672577870363	0.219233617504443	0.0540478532077189	1.31700457120643	0.75055872947161
0.441171249237906	0.167612693077629	0.154663687113675	0.206318719620877	0.0782331912284504	0.978496705007756	0.165237420855826	0.346430443017745	-0.164863531887963	0.87427750038684	0.600477476058899	1.36667000389339	0.117069184289591	-0.0324194539642125	1.38219826090156	0.930248877114173	0.612658152267878	-0.284993979000776	0.412281865413741	0.97723427093672	0.75404636612262
0.81099642110342	0.937616195420923	0.739493312408888	0.868778871671287	0.585929949185984	1.29419253221189	0.687015951446038	0.524113752088295	-0.197060409881301	0.818740700574624	0.389619410187857	1.18808707760978	0.410650261980247	0.144129056296513	1.30844614649565	0.725292982205767	0.591516225043726	-0.474079327690781	1.1013527536244	0.88705482314153	1.06957656423956
0.721990877810377	1.23679712280245	1.11675387380462	1.01250760557991	1.09290452114205	0.785265925755598	0.943845650528483	0.583076044305106	0.0204004709852511	0.471635701754894	0.305787975260427	1.15566424084969	0.257586623183717	0.647341261144715	0.378419483480183	0.460981860132129	0.734531406650508	-0.302288370649496	1.32734976511132	0.74979117842357	1.11403204575202
0.165111275386755	0.891725893811066	0.969788916152745	0.586374947755603	1.05210101214518	-0.157054952196006	0.594225866615361	0.245621009492024	0.194052485075543	-0.249161061752605	0.173745788381644	1.07692306586019	-0.533210007523841	0.922443653289713	-0.857865959694884	-0.0305843582164217	0.367573802651432	-0.203518178346277	0.790924989543026	0.197181699551495	0.526997357802973
-0.270873097108421	0.3220901759002	0.565256506945516	0.17183571417434	0.212559787216965	-0.790279915707699	-0.0468542016125003	-0.306789021630878	-0.0909690578084305	-0.93687207218111	-0.145816775526206	0.858197579777241	-1.35218733339647	0.335689084990859	-1.67205596844716	-0.62020147668914	-0.483626732048535	-0.514432908204644	-0.0464053868910428	-0.675336123132487	-0.394772343709935
-0.195194587036659	-0.143726184340448	0.322840081952189	0.239761289558745	-1.19570291266293	-0.839045937794084	-0.417517451192651	-0.475095380918469	-1.01781688985013	-1.05592170156254	-0.603153590240948	0.316273022497677	-1.31184647525003	-1.07017224995396	-1.87914523884146	-0.990433805250666	-1.08643736725974	-1.3245790769805	-0.579243660133584	-1.421479131162	-1.08599528307977
0.315992330060201	-0.50465042661625	0.219813101329608	0.669312521200249	-2.45916731955519	-0.733080671753096	-0.269384708624505	0.0626971391631566	-2.03967190285491	-0.493463899220397	-1.05588428215785	-0.379531347345043	-0.24754268669116	-2.64964505894421	-1.8108099464	-0.911074882742833	-0.640595035182116	-2.15778443462396	-0.599067124301846	-1.60180141339462	-1.19534060405528
0.643932540376334	-0.932205002916342	-0.148356844127249	0.910396292038442	-2.86395257251963	-0.86727889795268	0.132263801425417	0.92937763051699	-2.46667639950649	0.249488502510243	-1.37002185699187	-1.21274678726699	1.03139762941054	-3.47332054859233	-1.83747737759659	-0.523790223723571	0.725953602270027	-2.51942937998395	-0.437736490466565	-1.2964955594275	-0.942535360097128
0.374060117663043	-1.34390656593391	-1.02635883340115	0.550256972221453	-2.24323370557244	-1.14300858675291	0.252228125383672	1.3273319783185	-2.00008557745319	0.497631650602922	-1.50380413470757	-1.94817906870472	1.4699355705803	-3.08269473198809	-1.7999763024736	-0.223078934714744	1.83329084406814	-2.17469450645711	-0.522680578861712	-0.949485495936725	-0.797307692963571
-0.462687182387669	-1.48408057812605	-1.95057145368545	-0.392972133658938	-1.11879010366857	-1.07114286999102	-0.192335798900436	0.703774557047725	-0.968202028682717	0.0557005201896058	-1.49367066455095	-2.31821112633507	0.723919222595609	-1.78224036342805	-1.25246060569735	-0.325720846883985	1.64762550664344	-1.35032850454785	-0.985666716747941	-0.911514644859923	-1.0217119502438
-1.31276151566128	-1.23841847002557	-2.15208010696203	-1.39714103364871	-0.305969760738349	-0.473484103041855	-1.01336235306634	-0.772734627974921	0.0346515481310674	-0.655643171009437	-1.29489087623974	-2.05779913584664	-0.5490375212462	-0.35255640140566	-0.115761350899994	-0.779247251137298	0.0816714601904677	-0.333418275618234	-1.56841243936586	-1.09668338983042	-1.43186307625949
-1.62975452011841	-0.853535914441549	-1.41801287002967	-1.9415860722309	-0.155755072751819	0.315205472238923	-1.71657863881416	-2.32933419873816	0.621584799400259	-1.0095425655502	-1.02364142257124	-1.22664228873478	-1.45931257870748	0.515827306182121	1.10052351887691	-1.2986874711933	-1.83937832169225	0.517465793487064	-1.91161035878826	-1.21759393494145	-1.67991488621231
-1.2475542459752	-0.607873806342971	-0.317290790294759	-1.8219359886766	-0.231223509745694	0.713033547173715	-1.87631014198664	-3.17197307437029	0.954637750435026	-0.87808577876417	-0.816775329791379	-0.310568488203167	-1.548294088777	0.725662226879846	1.66095625264085	-1.58988880667981	-2.98829076388809	0.947903985625525	-1.77359125035806	-1.13420543538061	-1.5611032579288
-0.611188409702255	-0.552090270878398	0.306931504061171	-1.2774909500946	-0.0434551497614312	0.408337574575473	-1.50084169158479	-3.03821749694335	1.2143240450634	-0.713543238897639	-0.79231169981914	0.139234040821535	-1.1516411534331	0.646688586429461	1.33678029214365	-1.60136633679483	-3.02668131869991	0.995943962427404	-1.3047077586899	-1.00122173484412	-1.23986461802197
-0.332748608490445	-0.482241655958425	0.190268599532844	-0.838873066158823	0.345442011204994	-0.355785658753548	-0.888758524865766	-2.27104107158138	1.220657857128	-0.955778216798022	-0.796610747764603	0.0512291981868441	-0.826405048297727	0.586968850058278	0.489255994393825	-1.40460867768264	-2.4819823698473	0.767657992667807	-0.881468679208962	-1.00119416863196	-1.01568289743894
-0.73446346698974	-0.194622700671422	-0.143053984831632	-0.859235875408383	0.518405558191116	-1.06014301538283	-0.474351378151151	-1.36832736292715	0.883382364713411	-1.53271103611218	-0.455450585846953	-0.136617395743871	-0.742635036646248	0.538670921187868	-0.324100657130776	-0.992073452410714	-1.92395770967682	0.509779397199323	-0.752022625142119	-1.0180803133575	-0.956378748527162
-1.46269063938971	0.315296027349646	-0.111236829051804	-1.17433920104255	0.116147956224594	-1.30433978764709	-0.395314109466297	-0.655542325639223	0.327590356093769	-1.76874243531033	0.428106125123145	0.202021121531436	-0.679324981761321	0.373870555786593	-0.62494261533203	-0.398849110188145	-1.49340876765535	0.497865482952268	-0.829035534258195	-0.691334993693372	-0.818058742082153
-1.6711635161943	0.954661164590859	0.501622195383897	-1.15263868899504	-0.343162339735471	-0.811912963099203	-0.392165874445005	-0.0872399692980101	0.0921836743772057	-1.00274816982917	1.57779437554334	1.12993183072248	-0.223801416108689	0.192426985166923	-0.290349689524064	0.308494674320136	-0.895475715599149	0.850671072579964	-0.566829434502108	0.235609664711623	-0.171066187568484
-0.764925257208061	1.59307273712201	1.30386905184646	-0.2710925454417	-0.0470660797614246	0.338671828734133	-0.100705590130414	0.470204225910154	0.531327977487643	0.70294056479807	2.33176549845977	2.14070090052146	0.566802196139415	0.390187423648411	0.626343257894896	0.909589322906587	0.0416366575905137	1.42753511401014	0.439551672501678	1.55635460090579	1.08594174802423
0.846217866042881	2.10072674896146	1.74930923277068	1.25983398947374	1.06943347614368	1.61905490492338	0.566885930905601	1.04879044685791	1.41911730180075	2.37111241870262	2.16973233424845	2.5333774790639	1.35972202990665	1.0125127638845	1.71845790115842	1.19062484600531	0.942311447334164	1.93406862940198	1.91531775068126	2.5937896846045	2.43625740963183
2.11276198745235	2.15722545795747	1.67885695925717	2.46242880442588	2.16173980105067	2.35677848719435	1.22370717423874	1.38085851481327	1.98652129920829	2.89162221267717	1.13018159784637	2.04703492765913	1.63438729851848	1.64364921276644	2.37139328688672	1.01288709394081	1.32566208742669	1.84990259004774	2.9420892978948	2.66614069211454	3.0197422938506
2.08515599006783	1.54301058991168	1.17963063403749	2.42764853169159	2.05918938905843	2.02751617264177	1.35477316906276	1.26545649876034	1.63710600034044	1.84883017366923	-0.203239773076474	1.00796020671851	1.1611060345454	1.60644675404254	2.03138353912005	0.49410273274835	1.01813033954242	0.987873246324083	2.66236428999707	1.61467019809838	2.29521053614468
0.984247852968547	0.416493082069994	0.477380552884957	1.20781221401609	0.801502470165676	0.790765853058401	0.873755997166571	0.684426766770757	0.520243806375371	-0.0400118369312156	-1.16796660357918	-0.0141311235374783	0.22554555882033	0.70804000958962	0.777597594219788	-0.0807575612903778	0.18446286411195	-0.402980162025678	1.2067038176536	-0.0333427819103687	0.620847801113785
-0.124751697157556	-0.49499558393868	-0.292291596468784	-0.162738618844595	-0.502765445721252	-0.529583361534749	0.289178462735652	0.0517974794186146	-0.538558443667935	-1.4626992193293	-1.42652362998291	-0.662073210541222	-0.617173037632636	-0.432835391284452	-0.596608469684028	-0.362121013820463	-0.727179708157052	-1.54248841175289	-0.299821168075518	-1.33758431875506	-0.892012468650088
-0.279916441080442	-0.52324493843658	-0.749095047315442	-0.550077895543625	-0.740003546702859	-1.04914316077694	0.322649171907143	-0.143401342824269	-0.870555759361713	-1.58617997635698	-0.964375975900805	-0.771693277684867	-0.795715113152172	-0.946164054207121	-1.21412617335314	-0.116173939930666	-1.13742745566221	-1.79344925056233	-0.649035332515219	-1.52707630864444	-1.1808445319092
0.404521907881544	0.357252874538071	-0.614250910910825	0.138541777880349	0.133480420223096	-0.654615042226698	1.0661297266079	0.322184842753845	-0.562838056579746	-0.660074298652982	0.00659470995058104	-0.493783248309566	-0.346561156682605	-0.515398742663483	-0.836198671848188	0.625274505490348	-0.838136988926363	-0.9913737978876	0.284004626085714	-0.602030953257211	-0.179589071050902
0.964257303137526	1.38912908503092	0.0463338471932702	0.931353635864847	0.902969603158282	0.0468090198423358	1.86163900744649	1.05540627087867	-0.219228752105845	0.279029353473077	1.14133865084679	-0.0105285861197331	0.205857675899896	0.287064818763872	-0.0749268468795759	1.45362425035155	0.086550734138048	0.22115521657768	1.41660936922271	0.692974416692849	1.1301631609997
0.587768614662092	1.73479629196433	0.591770803427767	0.769342963724381	0.712673592173901	0.420437414642787	1.84888037078298	1.37512764644158	-0.396575489897532	0.392761629682222	1.99623504218395	0.371340380169853	0.250444940163315	0.657784056575758	0.352585409505156	1.82385657891453	1.06610315567726	1.01093243518977	1.52039916483582	1.41334808540274	1.58001678404201
-0.342267917932544	1.15991596815689	0.451623807729741	-0.350165644139237	-0.15142195675256	0.456736934842149	0.865636864742578	0.910873177004748	-0.787688384854376	-0.142518589774577	2.17894457984413	0.448022962347736	-0.164351730423973	0.466876702596666	0.293000367923058	1.48215411092286	1.50640859140688	0.9771122915213	0.497095617708041	1.24635160451865	0.946487609402286
-0.832512354254804	0.167970279842294	-0.397591231074675	-1.38807438135463	-0.556568302717855	0.495603087786929	-0.30616934939696	-0.0532144667458413	-0.827274710256103	-0.421975039888771	1.58936086168128	0.140777985429003	-0.391920494787869	0.210049202457149	0.249249113617264	0.768579667209615	1.42076144017948	0.451362785408048	-0.65362078061961	0.706458047780801	0.0410666125702082
-0.201858103646399	-0.63040177258663	-1.18847481761481	-1.27288330712466	0.0988154922260915	0.73173330000296	-0.654794953830281	-0.712077432412217	-0.256175989144367	0.263963519482256	0.618901967251981	-0.371296976104701	0.215701617359994	0.376807592001876	0.467172027934727	0.378999502167897	1.16685874949308	-0.0540177705417164	-0.806759189838818	0.537045302441754	-0.132908149799652
1.00185857543909	-1.10551538873807	-1.2634723990969	-0.0372918231680028	1.24167483712834	0.904797679144743	0.145353831249305	-0.559043884205758	0.418902813350173	1.54249154917827	-0.18000444251774	-0.908075051359241	1.45642427837707	0.791908710397058	0.713845766512593	0.683645944360679	1.33393630117586	-0.326116199143605	0.0650688581698516	0.921793693984375	0.539756165855412
1.75055226314034	-1.5218655797121	-0.645310515363619	1.2521050399778	1.74720503708637	0.575168702772454	1.385427036372	0.140994803442257	0.691784549775597	2.29637406576476	-0.577666377424722	-1.37331702646111	2.39545908638368	0.918527605002599	0.558841322674647	1.38705457568484	1.88667304555671	-0.565547443521564	1.00156824328289	1.30455981176589	1.24558674623221
1.4354631205736	-2.03750569598762	-0.0173004643663868	1.54758872458027	1.32400404112135	0.00904285236184409	2.00629212183297	0.536998773171529	0.532383612831121	1.7737964122228	-0.754746209443078	-1.80407757199109	2.21768908470362	0.572936343696699	0.046743307960468	1.73334805572288	2.19813876294766	-0.833034034351027	1.09153735805054	1.04295398087954	1.14983595971067
0.459733902652027	-2.26278535843854	0.115271018050751	0.868927505315164	0.634677504179908	-0.183087941431474	1.56703048811046	0.098345675726975	0.33392416815588	0.346382493669735	-0.958336837121647	-2.0058196673896	1.0472251431329	0.198627394954275	-0.266182330000801	1.15783190282029	1.39871614016979	-0.818814201217623	0.396494376622332	0.110762454500597	0.270717227757555
-0.172824209844978	-1.78755254669746	-0.208203399049527	0.099748396753353	0.36133010320301	0.278172628397562	0.521319371391057	-0.76308192960327	0.554024137382527	-0.75046930260152	-1.11862991049756	-1.66821044651933	-0.132503684520039	0.319045879772254	0.0896612050450517	-0.0292726404888665	-0.325772423345987	-0.241950159787177	-0.251921808264885	-0.731166537168409	-0.534227300427562
0.013278289768109	-0.61788623578352	-0.415772462948758	0.0786424192813528	0.427410122197636	0.879131351728985	-0.288439815330748	-1.07386259151898	0.937219767258154	-0.661846749711664	-0.949841099515668	-0.658985321328003	-0.463916380376653	0.711303383161689	0.695928586175718	-0.985514863773098	-1.82897683353282	0.657742525746225	-0.192155119566396	-0.798395958404572	-0.539424800247149
0.638220954710173	0.562030895747909	-0.237747900844084	0.707660001395613	0.135646978222603	0.888664559056042	-0.456621844086268	-0.286000494031159	0.807376619946611	0.354949340449602	-0.286457058297247	0.615798276378494	-0.0537521528314214	0.649299285288167	0.698845336461094	-1.13996962617634	-1.92430017339485	1.05167033551702	0.363507785759944	-0.167879802527259	0.100504793490505
0.972824681636046	1.06134121638662	0.247084949140854	1.19369201782064	-0.758058196700627	-0.0261566823786778	-0.256128982219764	1.08471923160285	-0.0191858544136763	1.21399728646552	0.487064496939298	1.43254497381842	0.2753443215063	-0.269993050026839	-0.23784818435244	-0.607412228846563	-0.613929637008576	0.35143963366275	0.709045901115215	0.395751335189737	0.592478909942809
0.668206779456615	0.813533587690354	0.660707974285247	0.920949280774346	-1.72325978561689	-1.08764265189972	-0.190347439939651	1.89676786373465	-1.08168282816367	1.11798952083462	0.839586428425366	1.31520518363877	-0.0361874729685284	-1.44578654812479	-1.47538366336759	-0.0305843582164217	1.04124323624016	-0.984840361044129	0.429835140458171	0.32718756101416	0.407012138512052
-0.00861612195025141	0.381211187846291	0.909184809903432	-0.00161974856720265	-1.89911207660154	-1.44403794114947	-0.471865929450465	1.58589730202236	-1.62005685360892	0.177999643178467	0.63814532471953	0.656970132582879	-0.758655568830196	-1.95063043975986	-1.95581410353599	0.0576286589514833	1.70435228755058	-1.71197344990783	-0.185990547519935	-0.223968900817389	-0.221280383901075
-0.665924438999417	0.320779024426952	0.973576672792331	-0.884354961273088	-1.30439190565333	-0.93474467287089	-0.859761623356927	0.738269177207543	-1.3445360288203	-0.884289357466396	0.199028284628351	0.211284789178349	-1.37940293625835	-1.44121782512431	-1.27954471550886	-0.334247012112853	1.23467527206315	-1.10321086388214	-0.59398767487909	-0.664225656153147	-0.678706414055593
-1.17235170137514	0.632356293022174	0.919790528496627	-1.25014235956849	-0.723754361704233	-0.267053498260675	-1.09538216019282	0.386149238453806	-0.691625568550299	-1.54245951693071	-0.110503167407636	0.408395050752539	-1.58979305768206	-0.628637805622489	-0.243265006314384	-0.944195755359214	0.390108221181301	0.304936936118529	-0.615320430785508	-0.745919048494165	-0.734786464237304
-1.58786955856741	0.877064836414065	0.587983046788426	-1.24003527176402	-0.765280056700369	-0.198854399700752	-1.19894252272637	0.858439182732053	-0.263037618882106	-1.85647876267145	-0.294543362764187	0.859741524384709	-1.73031049657832	-0.42239259585341	0.248415756392819	-1.58234642974584	-0.0905203502710361	1.19963346406393	-0.564260671742037	-0.823694679492193	-0.750376585698816
-1.93627628418645	0.708164687369742	-0.0733592626471178	-1.29458381917389	-1.25708872265769	-0.653881718587567	-1.38385990606697	1.39038569631088	-0.124221571145558	-2.0375641790774	-0.592610686947187	0.88341534170203	-2.0779367430762	-0.914509330555315	-0.0815937046780068	-2.18180143117353	-0.1729060434594	0.969425895233558	-0.799005777686962	-1.24989897390453	-1.10833745627077
-1.96911790176543	0.268452161031416	-0.802123640281904	-1.53819436196277	-1.4065812246452	-0.9970771823083	-1.7043170918904	0.940825147012783	-0.118415576751297	-2.05794736624306	-1.0495380685246	0.222092401431011	-2.33889770102534	-1.32243102709321	-0.607442113607197	-2.5930249387179	-0.513798364550369	0.0804941645029401	-1.27834458890621	-1.87509067861155	-1.70492368403985
-1.58215797290125	-0.0922336900655547	-1.39907408682634	-1.61206528311334	-0.908633977687768	-0.793213210267664	-1.88177812912791	-0.480886515332095	-0.0212971251037426	-1.59829172525151	-1.31618139939527	-0.72794818046797	-1.96675811010339	-1.03721217687374	-0.745362734332712	-2.55596891291901	-1.34739300972543	-0.409129279055762	-1.63311944812485	-2.11241273349271	-2.02291959204927
-0.891056107329526	-0.24468484788365	-1.72860891455148	-1.17537963655141	-0.434879961727973	-0.570649485397497	-1.59793988749594	-1.80570785830479	-0.126332841832824	-0.692864643223249	-1.07860782129639	-1.36714124803086	-0.834511823617291	-0.358104136479859	-0.624525936716754	-1.85288821102589	-2.05578134372315	-0.206208417048206	-1.64869782766505	-1.64816008131272	-1.7766847078158
-0.268969235221262	-0.495233975115615	-1.90057306603154	-0.372609324407851	-0.675006806708109	-0.932911363770051	-0.855453512274979	-1.94751245216447	-0.661012143573889	0.13162050716613	-0.568761206681605	-1.45308749785546	0.426284757243154	-0.200809530294344	-0.916617644055771	-0.696281104878004	-1.83657009194545	-0.0121269107701957	-1.4388973615638	-0.889451467942569	-1.24966924664048
-0.0148036730882917	-1.05104300474865	-1.62936969057044	0.200076106566958	-1.48241075463968	-1.75716713561077	-0.111641564413993	-1.00890772278952	-1.3508698408849	0.362039144680568	-0.337431483929509	-1.15922337420228	1.03294177709185	-0.828029930889171	-1.64580521586297	0.400642844670546	-0.743895453455391	-0.432572787734566	-1.23408203168672	-0.439345578642709	-0.894458584429315
-0.0719195297475541	-1.63915403889211	-0.793790575671775	0.149540667549603	-1.80847773361087	-2.10402921753605	0.153141570511592	-0.14304996923303	-1.46804536407004	0.022614767110612	-0.625877129379494	-0.719199161025202	0.793019831283344	-1.45427131941238	-2.07748425837603	0.922706500181656	0.342243529967085	-1.18699258342299	-1.06832759970796	-0.44744553128506	-0.811107610906507
-0.201382138174699	-1.63629334476678	0.630405921161449	-0.256675081958496	-0.906828512686672	-1.17160820872892	-0.101036983290791	-0.285732355212926	-0.503194659643541	-0.275157010600633	-0.953935430891613	-0.144337118781596	0.27457224766659	-1.10509034717783	-1.30787886115722	0.916803770407899	0.454874448032968	-1.2384914385533	-0.699839018628563	-0.402217747546339	-0.591147172308735
-0.114280456770256	-0.733505956723724	2.02505791620012	-0.354624653463574	0.746977427170051	0.692500485241051	-0.442371938201725	-1.17281906334195	0.997918799540636	0.0285229373042621	-0.557399437113187	0.618371517391197	0.232301204922063	0.28934918026411	0.580091931912534	0.741033594934659	-0.341886448388348	-0.0816887971776406	0.00645856341762829	0.237291190767889	0.133494883522553
0.141313001778174	0.588373120829063	2.56670711579527	0.190860820627286	1.87467086607551	2.1965472717593	-0.357038199474287	-1.72394529603744	1.82870381527826	0.738684994464485	0.684001836132051	1.3136612390313	0.703266247373877	1.71674878078626	2.41764461287196	0.784320279939795	-1.14306501725342	1.44598246510313	0.797273122782619	1.27818764344094	1.12292655184129
0.419752802989985	1.3845996526641	1.99475586307656	0.968512046907665	1.63707167209549	2.30874578874739	0.19705116422691	-1.24013048746211	1.24652092305394	1.27721470752736	1.93215875614786	1.62039156774742	1.20434216959123	2.09432110310055	2.89765837442831	0.998786128370682	-1.08103137863222	1.98941068267821	1.20956193081637	1.98890523247288	1.73088214097776
0.591576338439652	1.13262017836736	0.90236684795154	1.26533343430827	0.528877255190242	1.19262720801229	0.816259283887465	-0.180611396246154	-0.286261596450439	1.15166609093227	2.24865057152394	1.49687599913598	1.19913067116867	1.31372214460732	1.72804150924546	1.17390044498023	-0.167264373494902	0.957896300802083	1.02196201299263	1.83451381525435	1.54688912983763
0.602047578826952	0.232574288864005	0.118301223365265	0.782125457123409	-0.110257354755078	0.0156427651260683	0.996040073245988	0.37223247610909	-1.55302400926433	0.588617471570118	1.48464833673547	1.30902940520698	0.742642013219254	0.318393205057209	0.0304928420753559	1.14668230213631	0.80941587605818	-0.78845293587977	0.457701750769925	1.10043279706262	0.845635610823219
0.54207592933533	-0.42860364108964	0.000880767507941103	0.0226075354309932	0.383717869201747	-0.254953658193361	0.705242575250674	-0.0398621290171876	-1.57572016915953	0.193065477169288	0.445507033472241	1.37850691255129	0.307964441249943	-0.0477573097544099	-0.904950642904924	1.01911775314578	1.07506779319945	-1.81689275924113	0.043625120209282	0.515263958293151	0.30555422825004
0.56254244463661	-0.274483745031945	0.148603276489063	-0.2856586425705	1.50960584310611	0.262039508308574	0.255542056985818	-0.80947141053358	-0.609813829389551	0.320681953331788	0.0124291321602201	1.49841994374517	0.217245765039414	0.256389107183897	-0.650776689300949	0.873845014835256	0.650896863815305	-1.54095113249523	0.086130394232201	0.472384470101925	0.304562020927529
0.640600782070653	0.39813696142681	0.140270211878933	0.0248370400941158	2.18773849704744	0.801399045844299	0.0416277721362301	-1.10435982311154	0.348175245301696	0.737503360425815	0.313260130022419	1.20301187548261	0.399841228220986	0.644077887572646	0.225915111318445	0.735458794593395	0.0144319874468509	-0.471004769175465	0.426118561159278	0.727926159696355	0.624713546893698
0.706284017228616	0.913657882112914	-0.0415421068653271	0.480101892175834	2.01116402006353	0.927164050178533	0.059523002781966	-0.753054690119297	0.755650488089135	0.963195461786626	0.79250161759953	0.259661720217842	0.600194389722768	0.739368395882958	0.933435395278945	0.47672247286086	-0.396882281703576	0.485182929076248	0.708654788824107	0.796204322935725	0.811785075251786
0.670110641345395	0.915803402706805	-0.0044220917898825	0.577902830037034	1.37600143311686	0.919097490132892	0.087525724811151	-0.317085126688592	0.730843057506674	0.821399377162045	0.893631602591296	-0.926602386651348	0.626830937206524	0.748505841885803	1.24427764017641	0.0641872475889375	-0.687638081980304	0.924844796762575	0.73890890999498	0.515860203377348	0.674134892719433
0.55445103161141	0.685875112301332	0.344809070467819	0.401326060767578	0.970855087151805	1.3066590341015	0.0475928490185851	-0.272641588185109	0.864908746195549	0.50058573569907	0.615012352443846	-1.55859037937741	0.607915128123427	0.843143675482751	1.33886368520781	-0.327688423475237	-0.948752467151158	1.07588248382452	0.70024700531628	0.186075478699668	0.472882171298577
0.543503825750789	0.684563960828294	0.660707974285247	0.51131495745077	0.877332000160161	1.98828335787728	0.187772155742409	-0.323455630638775	1.27818998337414	0.344905451122338	0.32134643448936	-1.45308749785546	0.594982891302353	0.913306207287078	1.39053183315176	-0.410326640303167	-1.01568176778973	1.09778871324566	0.904349947849408	0.103341118300614	0.53563247055189
0.796717456938559	0.947151842509077	0.616769997255948	1.16976200110848	0.649482317178049	2.24677994112968	0.837799839294394	0.232943257644956	1.45500890349549	0.37296925953642	0.173745788380125	-1.03622245379327	0.56101164233898	0.487109618745598	1.03843840562183	-0.0735431137890654	-0.53023854094921	0.824921645014811	1.42266678961202	0.178719168088832	0.851475996122471
1.2084275903549	1.07755181643401	0.179662880939649	1.84500464655791	-0.0254004997639076	1.41152431468049	1.86163900744649	1.4926792983859	0.950943026730832	0.407236646654234	0.00424046940833018	-0.950790852171095	0.306806330489429	-0.431203704499468	0.206747895144723	0.518369510706109	0.510905288639238	0.0478269802765448	1.87354566161612	0.129144484573671	1.06310691039578
1.35883267955664	0.709237447667741	-0.223354425611549	1.57300507773273	-0.854831120691409	-0.228187345318475	2.57827671617857	2.59322194431111	-0.00282350658308185	0.168841979380093	-0.371721509204283	-1.37743421208109	-0.293481080176682	-1.27772280915144	-0.920784430177635	0.936479536319296	1.52475063181132	-0.852634344885823	1.73110562776366	-0.236958688774709	0.786980173473589
0.702476293451056	-0.0130878192383663	-0.315775687638483	0.0541178679936845	-1.34916743764885	-1.72526755725251	2.28930188056467	2.58944077830081	-0.699542833629027	-0.429951069648476	-0.827113516515811	-1.73305612003932	-1.14642965501292	-1.47156719934603	-1.66622246787318	0.862367484720073	1.76832774335287	-1.25271127168671	0.774198936644141	-0.767498658806462	-0.0106631278177533
-0.668304266360077	-0.602152418088519	-0.336229573498083	-1.92999264798614	-1.43438538564283	-2.27966022941809	1.01227833809117	1.32144111689336	-0.612452917749956	-1.24852804984436	-1.11177190544223	-1.6743862249494	-1.93471704574	-1.08126772010025	-1.59955388988097	0.255370106359865	1.0839890707276	-0.84187339008304	-0.648524640867706	-1.24654114768515	-1.0267951876323
-2.04241658447671	-0.730287675831833	-0.566525177242186	-2.98573742250022	-1.24336718865918	-1.82829952873324	-0.48528735243473	-0.225325117258273	0.0182892002979844	-1.8821793030094	-1.18065903084587	-1.14893041015033	-2.24547676637488	-0.694557951783125	-1.03578772721637	-0.465090855422036	-0.0984582931449537	-0.113203021959491	-1.74298946364586	-1.52190413831959	-1.75741705923609
-2.36940486384926	-0.497737082476279	-0.861970195202221	-2.27883581084421	-1.13828912566878	-0.962244309385193	-1.14426265130951	-0.935952641323126	0.440543337901578	-1.9217640433007	-1.20061889630483	-0.622445298946216	-1.76968626242156	-0.736981808222759	-0.581191361020128	-0.764818356135962	-0.781764588039143	0.241139846925589	-1.83507277933665	-1.48225627053991	-1.78445508424026
-1.16997187401304	-0.192715571254466	-0.704399518956902	-0.227394254057209	-0.864580631691269	-0.158888261296845	-0.609228394315884	-0.525992599126826	0.210942650579276	-1.10141461204749	-1.21290189043248	-0.253957185923522	-0.579920474849072	-0.880570245403272	-0.420770095223471	-0.366056167002968	-0.672094717080683	0.082031443760324	-0.801454175194491	-0.98030294196712	-0.961851800254513
0.871444036066922	0.0838181942939885	0.0281526153191876	1.83177625222745	-0.204863720748308	0.387804512642808	0.585941037611844	0.32466267917829	-0.372295876985721	0.317137051215628	-0.980753301405914	0.235473254698095	0.802091698906106	-0.505608621947485	-0.196597001719979	0.406545574444303	-0.108369683637237	-0.262319109950938	0.726036695073928	-0.0145484149321489	0.376567062817954
2.38501423752612	0.399805699666621	0.956910543574279	2.66605689693522	0.612289738183126	0.645201110433502	1.41840065580241	0.803899466351576	-0.733850982309632	1.47809249407897	-0.245616102819898	1.08773067811305	1.66044479061984	0.413683713367521	0.480089064919186	0.87679637972141	0.259269032159182	-0.266162308097138	1.79291368067205	1.04661570612359	1.52332388716449
2.31409538217532	0.699940191756522	1.3250804890331	1.99973227013579	0.858916257162028	0.420070752823078	1.27855274223779	0.71334078689492	-0.696903745268622	1.58650741711447	0.68123816245437	2.07945776441903	1.56007519141057	1.16034358670892	1.23344399625288	0.520009157864708	0.135259721339823	-0.0824574368063325	1.7158342689107	1.52138311173771	1.74274882941152
0.771491286914699	0.673717162264995	0.908427258576398	0.500316067783043	0.113259212225821	-0.483017310366331	0.357445453717484	0.481652428529445	-0.608230376372623	0.486701535746919	1.11687502087474	2.53440677546895	0.733184108677824	0.976941991947265	1.24844442630151	-0.512968552472247	-0.135832646314771	-0.178921710225668	0.578592454313915	0.998493360175723	0.853785431752323
-1.05621612616783	0.106465356127063	0.0190619993820237	-0.841548471753387	-1.24986686265795	-1.72416757179367	-0.660097244391882	0.526893319459369	-0.765520042632631	-0.91383020842923	0.642444372664994	2.0856335428491	-0.0572264851110652	-0.0242610200334085	0.282166724002764	-1.49839649519164	-0.0532381225828116	-0.663933316009204	-0.863594472353985	-0.115556591903448	-0.52074258722843
-1.93056469852029	-0.803592962818947	-0.699096659659323	-1.3608744244724	-2.02874446359043	-2.43989144485085	-1.19413732190452	0.716984299293832	-1.04737467948306	-1.4957849724083	-0.290141956535863	0.925101846108841	-0.22090613920954	-0.840104413107299	-1.0024534382217	-1.71450199078403	0.443657397263409	-1.05248064837834	-1.7099086857518	-0.908511535803993	-1.40365714862798
